Region,Subregion,Stock,Group,Name,EnglishName,ScientificName,Source,MinOfYear,MaxOfYear,StartYear,EndYear,Flim,Fpa,Blim,Bpa,Bmsy,FMSY,MSY,MSYBtrigger,B40,M,Fofl,last_F,Resilience,r.low,r.hi,stb.low,stb.hi,int.yr,intb.low,intb.hi,endb.low,endb.hi,q.start,q.end,btype,force.cmsy,Comment,,
Mediterranean,Adriatic Sea,Athe_boy_AD,Plankton feeders,Sand smelt in Adriatic Sea,Big scale sand smelt,Atherina boyeri,,1970,2014,1970,2014,,,,,,,,,,,,,Medium,NA,NA,0.2,0.6,NA,NA,NA,0.01,0.4,NA,NA,None,F,"Catch=landings from FishStat (Italy, Croatia, Slovenia). RF final 0.3. GS final 0.4 because trawling was banned in 3 nm zone, causing decline in catch.",,
Mediterranean,Adriatic Sea,Belo_bel_AD,Large predators,Garfish in Adriatic Sea,Garfish,Belone belone,,1970,2014,1970,2014,,,,,,,,,,,,,Medium,0.19,1,0.5,0.9,2000,0.01,0.4,0.01,0.3,NA,NA,None,F,"Catch=landings from FishStat (Italy, Croatia, Slovenia, Serbia and Montenegro). RF final 0.2. GS final 0.3, low catches caused by low demand. ",,
Mediterranean,Adriatic Sea,Boli_bra_AD,Plankton feeders,Purple dye murex in Adriatic,Purple dye murex,Bolinus brandaris,,1972,2015,1972,2015,,,,,,,,,,,,,High,NA,NA,0.5,0.9,1990,0.5,0.9,0.5,0.9,NA,NA,CPUE,F,Catch=landings from FishStat. CPUE from SOLEMON ,,
Mediterranean,Adriatic Sea,Boop_Boo_AD,Plankton feeders,Bogue in Adriatic Sea,Bogue,Boops boops,,1970,2014,1970,2014,,,,,,,,,,,,,Medium,0.31,1.1,0.5,0.9,1990,0.01,0.4,0.01,0.4,NA,NA,None,F,"Catch=landings from FishStat (Yugoslavia, Italy, Croatia, Serbia and Montenegro, Slovenia). RF int 1990 0.01-0.4, final 0.3. GS final 0.4, decline in catches caused by low market demand.",,
Mediterranean,Adriatic Sea,Cham_gal_AD,Plankton feeders,Striped venus in Adriatic Sea,Venus clam,Chamelea gallina,,1970,2014,1970,2014,,,,,,,,,,,,,Medium,NA,NA,0.2,0.6,1995,0.1,0.5,0.01,0.3,NA,NA,None,F,"Catch=landings from FishStat (Slovenia, Italy). RF int 1995 0.1-0.5, final 0.3. GS OK. Scarcella, G., Mosteiro Cabanelas, A. 2016. The clam fisheries sector in the EU/ the Adriatic Sea case. European Parliament's Committee on Fisheries. http://www.europarl.europa.eu/supporting-analyses. 40 pp",,
Mediterranean,Adriatic Sea,Cong_con_AD,Benthic fish & inv.,Conger eel in Adriatic Sea,Conger eel,Conger conger,,1970,2014,1970,2014,,,,,,,,,,,,,Medium,0.16,0.46,0.2,0.6,2000,0.01,0.4,0.01,0.3,NA,NA,None,F,"Catch=landings from FishStat (Serbia and Montenegro, Slovenia, Italy, Croatia, Yugoslavia). RF int 2000 0.01-0.4, final 0.3. GS OK",,
Mediterranean,Adriatic Sea,Dent_den_AD,Benthic fish & inv.,Common dentex in Adriatic Sea,Dentex,Dentex dentex,,1970,2014,1970,2014,,,,,,,,,,,,,Low,0.15,0.73,0.2,0.6,1995,0.01,0.4,0.01,0.4,NA,NA,None,F,"Catch=landings from FishStat (Croatia, Italy, Serbia and Montenegro, Yugoslavia, Montenegro). GS OK",,
Mediterranean,Adriatic Sea,Engr_enc_AD,Plankton feeders,Anchovy in Adriatic Sea,European anchovy,Engraulis encrasicolus,"GFCM 2014 WGSP, EASME EMFF 2014, M from Colloca et al 2013",1970,2014,1975,2013,,,69500,,,0.3,,,,0.68,,0.87,High,0.26,1.16,0.5,0.9,1990,0.01,0.4,0.01,0.4,2004,2013,CPUE,F,"Landings from Stock assessment form GFCM 2015 (17+18) MEDIAS 17+18. GS OK, very similar to SAM",,
Mediterranean,Adriatic Sea,Hom_gam_AD,Benthic fish & inv.,Lobster in Adriatic Sea,Lobster,Homarus gammarus,,1970,2014,1970,2013,,,,,,,,,,,,,Medium,NA,NA,0.2,0.6,1995,0.01,0.4,0.01,0.3,NA,NA,None,F,"Catch=landings from FishStat (Croatia, Italy, Serbia and Montenegro, Yugoslavia). GS OK",,
Mediterranean,Adriatic Sea,Ille_coi_AD,Benthic fish & inv.,Shortfin squid in Adriatic Sea,Shortfin squid,Illex coindettii,,1970,2014,1985,2013,,,,,,,,,,,,,Medium,NA,NA,0.2,0.6,1995,0.01,0.4,0.01,0.3,2008,2013,CPUE,F,Catch=landings from FishStat (Italy). CPUE from MEDITS. RF final 0.3. GS OK [Thanasis source],,
Mediterranean,Adriatic Sea,Loli_vul_AD,Benthic fish & inv.,European squid in Adriatic Sea,European squid,Loligo vulgaris,,1970,2014,1970,2013,,,,,,,,,,,,,Medium,NA,NA,0.5,0.9,2000,0.01,0.4,0.01,0.3,2004,2013,CPUE,T,"Catch=landings from FishStat. CPUE from MEDITS. RF int 2000 0.01-0.4, final 0.3. GS OK, Thanasis source ",,
Mediterranean,Adriatic Sea,Lophius_AD,Benthic fish & inv.,Blackbellied angler in Adriatic Sea,Blackbellied angler,Lophius spp.,,1970,2014,1970,2013,,,,,,,,,,,,,Low,0.2,0.54,0.2,0.6,NA,NA,NA,0.1,0.5,NA,NA,None,F,Catch=landings from FishStat (Italy). RF final 0.1-0.5. GS OK,,
Mediterranean,Adriatic Sea,Merl_mer_AD,Large predators,Hake in Adriatic Sea,European hake,Merluccius merluccius,STECF 16-08,1970,2014,1978,2013,,,2569,,,0.16,,,,,,0.89,Medium,0.22,0.95,0.2,0.6,1997,0.01,0.3,0.01,0.3,2004,2013,CPUE,F,GSA 17-18-19-20 Fishstat - MEDITS 17-18-19. GS OK,,
Mediterranean,Adriatic Sea,Micr_pou_AD,Large predators,Blue whiting in Adriatic Sea,Blue whiting,Micromesistius poutassou,,1970,2014,1975,2013,,,,,,,,,,,,,Medium,0.21,1.09,0.5,0.9,1995,0.01,0.4,0.01,0.4,2004,2013,CPUE,T,"Catch=landings from FishStat (Italy, Croatia). CPUE from MEDITS. RF int 2000 0.01-0.4. GS OK, Thanasis source",,
Mediterranean,Adriatic Sea,Mull_bar_AD,Benthic fish & inv.,Red mullet in Adriatic Sea,Red mullet,Mullus barbatus,STECF 16-08,1970,2014,1975,2013,,,3439,,,0.41,,,,,,0.54,Medium,0.22,1.25,0.2,0.6,1990,0.01,0.4,0.01,0.4,2004,2013,CPUE,F,GSA 17 Fishstat - MEDITS 17 (From SGMED 2014). GS OK ,,
Mediterranean,Adriatic Sea,Obla_mel_AD,Benthic fish & inv.,Saddled seabream in Adriatic Sea,Saddled seabream,Oblada melanura,,1970,2014,1972,2014,,,,,,,,,,,,,Medium,0.68,0.88,0.2,0.6,1995,0.2,0.6,0.01,0.3,NA,NA,None,F,"Catch=landings from FishStat (Italy, Croatia). RF int 1995 0.2-0.6, final 0.3. GS OK",,
Mediterranean,Adriatic Sea,Octo_vul_AD,Benthic fish & inv.,Common octopus in Adriatic Sea,Common octopus,Octopus vulgaris,,1970,2014,1995,2013,,,,,,,,,,,,,Medium,0.4,1,0.2,0.6,2005,0.2,0.6,0.01,0.3,2000,2013,CPUE,F,"Catch=landings from FishStat (Croatia, Italy, Serbia and Montenegro, Yugoslavia, Montenegro, Slovenia). GS start 1995 0.2-0.6, int 2005 0.2-0.6",,
Mediterranean,Adriatic Sea,Page_ery_AD,Benthic fish & inv.,Common pandora in Adriatic Sea,Common pandora,Pagellus erythrinus,,1970,2014,1970,2013,,,,,,,,,,,,,Medium,0.22,0.97,0.2,0.6,1996,0.01,0.3,0.01,0.3,2004,2013,CPUE,F,"Catch=landings from FishStat (Croatia, Italy, Slovenia). CPUE from MEDITS. RF final 0.3. GS OK add source",,
Mediterranean,Adriatic Sea,Pali_ele_AD,Benthic fish & inv.,Common spiny lobster in Adriatic Sea,Common spiny lobster,Palinurus elephas,,1970,2014,1972,2014,,,,,,,,,,,,,Low,NA,NA,0.2,0.6,NA,NA,NA,NA,NA,NA,NA,None,F,"Catch=landings from FishStat (Italy, Croatia). GS OK",,
Mediterranean,Adriatic Sea,Pect_jac_AD,Benthic fish & inv.,Scallop in Adriatic Sea,King scallop,Pecten jacobeus,,1972,2015,1972,2015,,,,,,,,,,,,,Medium,NA,NA,0.5,0.9,1990,0.01,0.4,0.01,0.3,NA,NA,CPUE,F,Catch=landings from FishStat. Final 0.3.,,
Mediterranean,Adriatic Sea,Pena_ker_AD,Benthic fish & inv.,Caramote prawn in Adriatic,Caramote prawn,Peneaus kerathurus,,1972,2015,1972,2015,,,,,,,,,,,,,High,NA,NA,0.5,0.9,1990,0.5,0.9,0.5,0.9,NA,NA,CPUE,F,Catch=landings from FishStat. CPUE from SOLEMON ,,
Mediterranean,Adriatic Sea,Pset_max_AD,Benthic fish & inv.,Turbot in Adriatic Sea,Turbot,Scophthalmus maximus,,1970,2013,1970,2013,,,,,,,,,,,,,Medium,0.25,0.82,0.2,0.6,NA,NA,NA,NA,NA,2005,2014,CPUE,F,Catch=landings from FishStat. CPUE from SOLEMON ,,
Mediterranean,Adriatic Sea,Scop_rho_AD,Benthic fish & inv.,Brill in Adriatic,Brill,Scophthalmus rhombus,,1972,2015,1972,2015,,,,,,,,,,,,,Medium,NA,NA,0.5,0.9,1990,0.01,0.4,0.01,0.4,NA,NA,CPUE,F,Catch=landings from FishStat. CPUE from SOLEMON ,,
Mediterranean,Adriatic Sea,Sard_pil_AD,Plankton feeders,Sardine in Adriatic Sea,European pilchard,Sardina pilchardus,"EASME EMFF 2014, M from Colloca et al 2013",1970,2014,1975,2013,,,180000,,,0.3,,,,0.52,,0.44,Medium,0.27,1.1,0.2,0.6,2005,0.01,0.4,0.01,0.4,2004,2013,CPUE,F,"Landings from Stock assessment form GFCM 2015 (17+18) MEDIAS 17+18. GS OK, similar to SAM",,
Mediterranean,Adriatic Sea,Sarp_sal_AD,Benthic fish & inv.,Salema in Adriatic Sea,Salema,Sarpa salpa,,1970,2014,1970,2014,,,,,,,,,,,,,Medium,NA,NA,0.5,0.9,1991,0.5,0.9,0.2,0.6,NA,NA,None,F,"Catch=landings from FishStat (Serbia and Montenegro, Slovenia, Croatia, Italy, Montenegro, Yugoslavia). RF Not in Appendix, zero points??",,
Mediterranean,Adriatic Sea,Sepi_off_AD,Benthic fish & inv.,Cuttlefish in Adriatic Sea,Cuttlefish,Sepia officinalis,,1972,2015,1972,2015,,,,,,,,,,,,,Medium,NA,NA,0.5,0.9,1990,0.01,0.4,0.01,0.4,NA,NA,CPUE,F,"Catch=landings from FishStat (Croatia, Italy, Serbia and Montenegro, Yugoslavia, Montenegro). CPUE from SOLEMON. RF final 0.3. ",,
Mediterranean,Adriatic Sea,Seri_dum_AD,Large predators,Greater amberjack in Adriatic Sea,Greater amberjack,Seriola dumerili,,1970,2014,1970,2014,,,,,,,,,,,,,Medium,0.44,0.84,0.5,0.9,2000,0.3,0.7,0.3,0.7,NA,NA,None,F,"Catch=landings from FishStat (Italy, Croatia). RF int 2000 0.3-0.7, final 0.3-0.7. GS OK",,
Mediterranean,Adriatic Sea,Sole_sol_AD,Benthic fish & inv.,Common sole in Adriatic Sea,Common sole,Solea solea,"EASME EMFF 2014, M from Colloca et al 2013",1972,2015,1972,2015,,,715,,,0.31,,,,0.31,,0.44,Medium,0.21,1.02,0.5,0.9,1990,0.01,0.4,0.01,0.4,NA,NA,CPUE,F,Landings from Stock assessment SGMED 2015 - CPUE from SOLEMON Only 17. ,,
Mediterranean,Adriatic Sea,Spod_can_AD,Benthic fish & inv.,Black seabream in Adriatic Sea,Black seabream,Spondyliosoma cantharus,,1970,2014,1972,2014,,,,,,,,,,,,,Medium,0.24,1.05,0.2,0.6,NA,NA,NA,0.01,0.3,NA,NA,None,F,"Catch=landings from FishStat (Croatia, Serbia and Montenegro, Yugoslavia). RF final 0.3. GS OK",,
Mediterranean,Adriatic Sea,Squi_man_AD,Benthic fish & inv.,Mantis shrimp in Adriatic Sea,Spottail mantis ,Squilla mantis,STECF 16-08,1970,2014,1970,2014,,,12878,,,0.56,,,,,,0.69,Medium,NA,NA,0.2,0.6,1995,0.01,0.4,0.2,0.6,2004,2013,CPUE,F,"Catch=landings from FishStat (Italy, Croatia, Slovenia). GS OK",,
Mediterranean,Adriatic Sea,Trachurus_AD,Plankton feeders,Horse mackerels in Adriatic Sea,Horse mackerels,Trachurus spp,,1970,2014,1970,2014,,,,,,,,,,,,,Medium,NA,NA,0.2,0.6,1995,0.01,0.4,0.01,0.4,NA,NA,None,F,"Catch=landings from FishStat (Italy, Croatia, Slovenia, Montenegro). GS OK",,
Mediterranean,Adriatic Sea,Tris_min_AD,Benthic fish & inv.,Poor cod in Adriatic Sea,Poor cod,Trisopterus minutus,,1970,2013,1990,2013,,,,,,,,,,,,,Medium,NA,NA,0.2,0.6,NA,NA,NA,0.01,0.3,NA,NA,None,F,Catch=landings from FishStat. RF final 0.3. GS OK,,
Mediterranean,Aegean Sea,ATHEBOY_AL,Plankton feeders,Sand smelt in Aegean Sea,Big scale sand smelt,Atherina boyeri,,1970,2014,1982,2014,,,,,,,,,,,,,Medium,0.33,1.74,0.5,0.9,2003,0.01,0.3,0.01,0.3,NA,NA,None,F,"Catch=landings from FishStat. RF int 2003 0.3, final 0.3 ",,
Mediterranean,Aegean Sea,BELOBEL_AL,Large predators,Garfish in Aegean Sea,Garfish,Belone belone,,1982,2014,1985,2014,,,,,,,,,,,,,Medium,0.19,1,0.5,0.9,2000,0.01,0.4,0.01,0.3,NA,NA,None,F,"Catch=landings from FishStat (Greece). RF int 2000 0.4, final 0.3",,
Mediterranean,Aegean Sea,BOOPBOO_AL,Plankton feeders,Bogue in Aegean Sea,Bogue,Boops boops,,1970,2014,1982,2014,,,,,,,,,,,,,Medium,0.31,1.1,0.2,0.6,2000,0.01,0.4,0.01,0.3,1994,2014,CPUE,F,Catch=landings from FishStat (Greece+Turkey). RF final 0.3,,
Mediterranean,Aegean Sea,DENTDEN_AL,Benthic fish & inv.,Common dentex in Aegean Sea,Common dentex,Dentex dentex,,1970,2014,1970,2014,,,,,,,,,,,,,Low,0.15,0.73,0.2,0.6,NA,NA,NA,0.01,0.3,NA,NA,None,F,Catch=landings from FishStat (Greece). RF final 0.3,,
Mediterranean,Aegean Sea,DENTMAC_AL,Benthic fish & inv.,Large-eye dentex in Aegean Sea,Large-eye dentex,Dentex macrophthalmus,,1982,2014,1982,2014,,,,,,,,,,,,,Medium,0.38,1.34,0.2,0.6,NA,NA,NA,0.1,0.5,NA,NA,None,F,Catch=landings from FishStat (Greece). RF final 0.1-0.5,,
Mediterranean,Aegean Sea,DICELAB_AL,Large predators,European seabass in Aegean Sea,European seabass,Dicentrarchus labrax,,1982,2014,1982,2014,,,,,,,,,,,,,Low,0.17,0.88,0.5,0.9,NA,NA,NA,0.01,0.3,NA,NA,None,F,"Catch=landings from FishStat (Greece). RF start 0.5 0.9, final 0.3",,
Mediterranean,Aegean Sea,DIPLANN_AL,Benthic fish & inv.,Annular seabream in Aegean Sea,Annular seabream,Diplodus annularis,,1970,2014,1982,2014,,,,,,,,,,,,,Medium,NA,NA,0.5,0.9,NA,NA,NA,0.01,0.3,1994,2014,CPUE,F,"Catch=landings from FishStat (Greece), Biomass estimates standardized relative to max value. RF final 0.3",,
Mediterranean,Aegean Sea,DIPLSAR_AL,Benthic fish & inv.,White seabream in Aegean Sea,White seabream,Diplodus sargus,,1982,2014,1982,2014,,,,,,,,,,,,,Medium,0.23,0.85,0.5,0.9,NA,NA,NA,0.01,0.3,NA,NA,None,F,Catch=landings from FishStat (Greece).  RF final 0.3,,
Mediterranean,Aegean Sea,ELEDMOS_AL,Benthic fish & inv.,Musky octopus in Aegean Sea,Musky octopus,Eledone moschata,,1970,2014,1982,2014,,,,,,,,,,,,,Medium,NA,NA,0.5,0.9,NA,NA,NA,0.01,0.4,1994,2014,CPUE,F,"Catch=landings from FishStat (Greece), Biomass estimates standardized relative to max value.  RF final 0.4",,
Mediterranean,Aegean Sea,ENGRENC_AL,Plankton feeders,Anchovy in Aegean Sea,European anchovy,Engraulis encrasicolus,,1970,2014,1970,2014,,,,,,,,,,,,,High,0.26,1.16,0.5,0.9,2000,0.2,0.6,0.01,0.4,2000,2013,CPUE,F,"Catch=landings from FishStat (Greece+Turkey), Biomass estimates standardized relative to max value",,
Mediterranean,Aegean Sea,EPINGUA_AL,Large predators,Dusky grouper in Aegean Sea,Dusky grouper,Epinephelus marginatus,,1982,2014,1985,2014,,,,,,,,,,,,,Low,0.11,0.57,0.2,0.6,NA,NA,NA,0.01,0.3,NA,NA,None,F,Catch=landings from FishStat (Greece).  RF final 0.3,,
Mediterranean,Aegean Sea,ILLECOI_AL,Benthic fish & inv.,Shortfin squid in Aegean Sea,Shortfin squid,Illex coindetii,,1970,2014,1990,2014,,,,,,,,,,,,,Medium,NA,NA,0.2,0.6,2000,0.2,0.6,0.2,0.6,1996,2014,CPUE,T,"Catch=landings from FishStat (Greece), Biomass estimates standardized relative to max value",,
Mediterranean,Aegean Sea,LOLIVUL_AL,Benthic fish & inv.,European squid in Aegean Sea,European squid,Loligo vulgaris,,1970,2014,1980,2014,,,,,,,,,,,,,Medium,NA,NA,0.2,0.6,2000,0.2,0.6,0.01,0.4,1994,2014,CPUE,F,"Catch=landings from FishStat (Greece), Biomass estimates standardized relative to max value",,
Mediterranean,Aegean Sea,LOPHBUD_AL,Benthic fish & inv.,Blackbellied angler in Aegean Sea,Blackbellied angler,Lophius budegassa,,1970,2014,1982,2014,,,,,,,,,,,,,Low,0.2,0.54,0.2,0.6,1995,0.2,0.6,0.01,0.4,1994,2014,CPUE,F,"Catch=landings from FishStat (Greece), Biomass estimates standardized relative to max value",,
Mediterranean,Aegean Sea,MERLMER_AL,Large predators,Hake in Aegean Sea,European hake,Merluccius merluccius,excel,1970,2014,1980,2014,,,,,,0.24,,,,,,0.83,Medium,0.22,0.95,0.01,0.4,2000,0.01,0.4,0.01,0.4,1994,2014,CPUE,T,"Catch=landings from FishStat (Greece), Biomass estimates standardized relative to max value",OK,
Mediterranean,Aegean Sea,MICMPOU_AL,Large predators,Blue whiting in Aegean Sea,Blue whiting,Micromesistius poutassou,,1970,2014,1985,2014,,,,,,,,,,,,,Medium,0.21,1.09,0.2,0.6,1996,0.01,0.3,0.01,0.3,1994,2014,CPUE,F,"Catch=landings from FishStat (Greece), Biomass estimates standardized relative to max value.  RF final 0.3",OK,
Mediterranean,Aegean Sea,MULLBAR_AL,Benthic fish & inv.,Red mullet in Aegean Sea,Red mullet,Mullus barbatus,excel,1970,2014,1985,2014,,,,,,0.52,,,,,,0.56,Medium,0.22,1.25,0.01,0.4,1995,0.01,0.4,0.01,0.3,1994,2014,CPUE,F,"Catch=landings from FishStat (Greece+Turkey), Biomass estimates standardized relative to max value.  RF OK 04.10.16",,
Mediterranean,Aegean Sea,MULLSUR_AL,Benthic fish & inv.,Surmulet in Aegean Sea,Surmulet,Mullus surmuletus,,1970,2014,1985,2014,,,,,,,,,,,,,Medium,0.46,1.58,0.2,0.6,1995,0.01,0.4,0.01,0.3,1994,2014,CPUE,F,"Catch=landings from FishStat (Greece+Turkey), Biomass estimates standardized relative to max value.  RF final 0.3",,
Mediterranean,Aegean Sea,NEPRNOR_AL,Benthic fish & inv.,Norway lobster in Aegean Sea,Norway lobster,Nephrops norvegicus,excel,1970,2014,1970,2014,,,,,,0.12,,,,,,0.32,Medium,NA,NA,0.2,0.6,2000,0.01,0.4,0.01,0.3,1994,2014,CPUE,F,"Catch=landings from FishStat (Greece), Biomass estimates standardized relative to max value",,
Mediterranean,Aegean Sea,OBLAMEL_AL,Benthic fish & inv.,Saddled seabream in Aegean Sea,Saddled seabream,Oblada melanura,,1982,2014,1982,2014,,,,,,,,,,,,,Medium,0.68,0.88,0.5,0.9,2000,0.2,0.6,0.2,0.6,NA,NA,None,F,Catch=landings from FishStat (Greece),,
Mediterranean,Aegean Sea,OCTOVUL_AL,Benthic fish & inv.,Common octopus in Aegean Sea,Common octopus,Octopus vulgaris,,1970,2014,1990,2014,,,,,,,,,,,,,Medium,0.4,1,0.01,0.4,1995,0.01,0.4,0.01,0.4,1994,2014,CPUE,F,"Catch=landings from FishStat (Greece+Turkey), Biomass estimates standardized relative to max value",,
Mediterranean,Aegean Sea,PAGEERY_AL,Benthic fish & inv.,Common pandora in Aegean Sea,Common pandora,Pagellus erythrinus,,1970,2014,1970,2014,,,,,,,,,,,,,Medium,0.22,0.97,0.2,0.6,2000,0.01,0.4,0.01,0.4,1994,2014,CPUE,F,"Catch=landings from FishStat (Greece), Biomass estimates standardized relative to max value",,
Mediterranean,Aegean Sea,PAGRPAG_AL,Benthic fish & inv.,Red porgy in Aegean Sea,Red porgy,Pagrus pagrus,,1970,2014,1985,2014,,,,,,,,,,,,,Medium,0.27,0.86,0.2,0.6,2000,0.01,0.4,0.01,0.4,NA,NA,None,F,Catch=landings from FishStat (Greece+Turkey),,
Mediterranean,Aegean Sea,PALIELE_AL,Benthic fish & inv.,Common spiny lobster in Aegean Sea,Common spiny lobster,Palinurus elephas,,1982,2014,1982,2014,,,,,,,,,,,,,Low,NA,NA,0.5,0.9,2000,0.1,0.5,0.1,0.5,NA,NA,None,F,"Catch=landings from FishStat (Greece). RF int 0.1-0.5, final 0.1-0.5",,
Mediterranean,Aegean Sea,PARELON_AL,Benthic fish & inv.,Pink shrimp in Aegean Sea,Pink shrimp,Parapeneaus longirostris,,1970,2014,1970,2014,,,,,,,,,,,,,High,NA,NA,0.5,0.9,2000,0.01,0.4,0.01,0.3,1994,2014,CPUE,F,"Catch=landings from FishStat (Greece), Biomass estimates standardized relative to max value. RF int 2000 0.01-0.4, final 0.01",0.3,
Mediterranean,Aegean Sea,PENAKER_AL,Benthic fish & inv.,Caramote prawn in Aegean Sea,Caramote prawn,Peneaus kerathurus,,1970,2014,1982,2014,,,,,,,,,,,,,Medium,NA,NA,0.5,0.9,NA,NA,NA,0.1,0.5,NA,NA,None,F,Catch=landings from FishStat (Greece). RF 0.1-0.5,,
Mediterranean,Aegean Sea,POMTSAL_AL,Large predators,Bluefish in Aegean Sea,Bluefish,Pomatomus saltatrix,,1982,2014,1982,2014,,,,,,,,,,,,,Medium,0.37,0.9,0.5,0.9,NA,NA,NA,NA,NA,NA,NA,None,F,Catch=landings from FishStat (Greece),,
Mediterranean,Aegean Sea,PSETMAX_AL,Benthic fish & inv.,Turbot in Aegean Sea,Turbot,Scophthalmus maximus,,1982,2014,1982,2014,,,,,,,,,,,,,Medium,0.25,0.82,0.5,0.9,1997,0.01,0.4,0.01,0.4,NA,NA,None,F,"Catch=landings from FishStat (Greece). RF int 1997 0.01-0.4, final 0.01-0.4",,
Mediterranean,Aegean Sea,RAJACLA_AL,Benthic fish & inv.,Thornback ray in Aegean Sea,Thornback ray,Raja clavata,,1970,2014,1982,2014,,,,,,,,,,,,,Low,0.02,0.9,0.2,0.6,1995,0.2,0.6,0.01,0.4,1994,2014,CPUE,F,"Catch=landings from FishStat (Greece+Turkey), Biomass estimates standardized relative to max value. RF final 0.01-0.4",,
Mediterranean,Aegean Sea,SARDPIL_AL,Plankton feeders,Sardine in Aegean Sea,European pilchard,Sardina pilchardus,,1970,2014,1980,2014,,,,,,,,,,,,,Medium,0.27,1.1,0.2,0.6,2000,0.2,0.6,0.01,0.4,2000,2013,CPUE,F,"Catch=landings from FishStat (Greece+Turkey), Biomass estimates standardized relative to max value. RF OK 04.10.16",,
Mediterranean,Aegean Sea,SARIAUR_AL,Plankton feeders,Round sardinella in Aegean Sea,Round sardinella,Sardinella aurita,,1970,2014,1982,2014,,,,,,,,,,,,,High,0.24,1.26,0.2,0.6,2008,0.4,0.8,0.1,0.5,NA,NA,None,F,"Catch=landings from FishStat (Greece+Turkey). RF int 2008 0.4-0.8, final 0.1-0.5",,
Mediterranean,Aegean Sea,SARPSAL_AL,Benthic fish & inv.,Salema in Aegean Sea,Salema,Sarpa salpa,,1982,2014,1982,2014,,,,,,,,,,,,,Medium,0.55,1,0.5,0.9,2000,0.01,0.4,0.01,0.3,NA,NA,None,F,"Catch=landings from FishStat (Greece). RF int 2000 0.01-0.4, final 0.01-0.3",,
Mediterranean,Aegean Sea,SCOMPNE_AL,Plankton feeders,Atlantic chub mackerel in Aegean Sea,Atlantic chub mackerel,Scomber colias,,1970,2014,1990,2014,,,,,,,,,,,,,High,0.31,1.17,0.5,0.9,2000,0.01,0.4,0.01,0.3,NA,NA,None,F,"Catch=landings from FishStat (Greece+Turkey). RF int 2000 0.01-0.4, final 0.01-0.3",,
Mediterranean,Aegean Sea,SCOMSCO_AL,Plankton feeders,Atlantic mackerel in Aegean Sea,Atlantic mackerel,Scomber scombrus,,1970,2014,1990,2014,,,,,,,,,,,,,Medium,0.23,1,0.5,0.9,2000,0.01,0.4,0.01,0.2,NA,NA,None,F,"Catch=landings from FishStat (Greece+Turkey). RF int 0.01-0.4, final 0.01-0.2",,
Mediterranean,Aegean Sea,SEPIOFF_AL,Benthic fish & inv.,Common cuttlefish in Aegean Sea,common cuttlefish,Sepia officinalis,,1970,2014,1970,2014,,,,,,,,,,,,,Medium,NA,NA,0.5,0.9,NA,NA,NA,0.01,0.4,1994,2014,CPUE,F,Catch=landings from FishStat (Greece). RF final 0.01-0.4,,
Mediterranean,Aegean Sea,SOLEVUL_AL,Benthic fish & inv.,Common sole in Aegean Sea,Common sole,Solea solea,,1970,2014,1970,2014,,,,,,,,,,,,,Medium,0.21,1.02,0.2,0.6,NA,NA,NA,0.01,0.3,1994,2014,CPUE,F,Catch=landings from FishStat (Greece). RF final 0.3,,
Mediterranean,Aegean Sea,SPICSMA_AL,Plankton feeders,Picarel in Aegean Sea,Picarel,Spicara smaris,,1970,2014,1970,2014,,,,,,,,,,,,,Medium,NA,NA,0.2,0.6,1995,0.01,0.4,0.01,0.2,1994,2014,CPUE,F,"Catch=landings from FishStat (Greece). RF int 1995 0.01-0.4, final 0.01-0.3",,
Mediterranean,Aegean Sea,SPODCAN_AL,Benthic fish & inv.,Black seabream in Aegean Sea,Black seabream,Spondyliosoma cantharus,,1970,2014,1972,2014,,,,,,,,,,,,,Medium,0.24,1.05,0.5,0.9,2000,0.01,0.4,0.01,0.3,NA,NA,None,F,"Catch=landings from FishStat (Greece). RF int 2000 0.01-0.4, final 0.01-0.3",,
Mediterranean,Aegean Sea,SQUAACA_AL,Benthic fish & inv.,Picked dogfish in Aegean Sea,Picked dogfish,Squalus acanthias,,1970,2014,1982,2014,,,,,,,,,,,,,Low,NA,NA,0.5,0.9,2008,0.01,0.4,0.01,0.4,1994,2014,CPUE,F,"Catch=landings from FishStat (Greece), Biomass estimates standardized relative to max value. RF int 2008 0.01-0.4, final 0.01-0.4",,
Mediterranean,Aegean Sea,TRACHMED_AL,Plankton feeders,Mediterranean horse mackerel in Aegean Sea,Mediterranean horse mackerel ,Trachurus mediterraneus,,1970,2014,1975,2014,,,,,,,,,,,,,Medium,NA,NA,0.2,0.6,1995,0.2,0.6,0.01,0.4,1994,2014,CPUE,F,"Catch=landings from FishStat (Greece+Turkey), Biomass estimates standardized relative to max value",,
Mediterranean,Aegean Sea,TRACTRA_AL,Plankton feeders,Atlantic horse mackerel in Aegean Sea,Atlantic horse mackerel,Trachurus trachurus,,1970,2014,1982,2014,,,,,,,,,,,,,Medium,0.22,0.98,0.2,0.6,2000,0.01,0.4,0.01,0.4,1994,2014,CPUE,F,"Catch=landings from FishStat (Greece+Turkey), Biomass estimates standardized relative to max value",,
Mediterranean,Aegean Sea,UMBRCIR_AL,Benthic fish & inv.,Shi drum in Aegean Sea,Shi drum,Umbrina cirrosa,,1982,2014,1982,2014,,,,,,,,,,,,,Medium,0.59,1.2,0.5,0.9,NA,NA,NA,0.01,0.3,NA,NA,None,F,Catch=landings from FishStat (Greece). RF final 0.3,,
Mediterranean,Aegean Sea,ZEUSFAB_AL,Large predators,John Dory in Aegean Sea,John Dory,Zeus faber,,1970,2014,1982,2014,,,,,,,,,,,,,Low,0.29,1,0.5,0.9,1995,0.2,0.6,0.01,0.4,1994,2014,CPUE,F,"Catch=landings from FishStat (Greece+Turkey), Biomass estimates standardized relative to max value",,
Mediterranean,Balearic,ARISFOL_BA,Benthic fish & inv.,Giant red shrimp in Balearic,Giant red shrimp,Aristeomorpha foliacea,,1970,2014,1999,2014,,,,,,,,,,,,,Medium,NA,NA,0.5,0.9,2005,0.01,0.4,0.01,0.3,2001,2007,CPUE,T,"Catch=landings from FishStat (Spain), Biomass from Medits for GSAs 1-6. RF final 0.3",,
Mediterranean,Balearic,ARITANT_BA,Benthic fish & inv.,Blue and red shrimp in Balearic,Blue and red shrimp,Aristeus antennatus,excel,1970,2014,1970,2014,,,,,,0.25,,,,,,1.05,Medium,NA,NA,0.01,0.4,1995,0.01,0.4,0.01,0.4,2000,2006,CPUE,F,"Catch=landings from FishStat (Spain, Algeria), Biomass from Medits for GSAs 1-6",,
Mediterranean,Balearic,BOOPBOO_BA,Plankton feeders,Bogue in Balearic,Bogue,Boops boops,,1970,2014,1974,2014,,,,,,,,,,,,,Medium,0.31,1.1,0.2,0.6,1992,0.01,0.4,0.1,0.5,NA,NA,None,F,"Catch=landings from FishStat (Algeria, Spain, Morocco). RF int 1992 0.01-0.4, final 0.1-0.5 ",,
Mediterranean,Balearic,CONGCON_BA,Benthic fish & inv.,Conger eel in Balearic,Conger eel,Conger conger,,1970,2014,1980,2014,,,,,,,,,,,,,Medium,0.16,0.46,0.5,0.9,2005,0.01,0.4,0.01,0.2,NA,NA,None,F,"Catch=landings from FishStat (Algeria, Spain, Morocco). RF int 2005 0.01-0.4, final 0.2",,
Mediterranean,Balearic,ENGRENC_BA,Plankton feeders,Anchovy in Balearic,European anchovy,Engraulis encrasicolus,excel,1970,2014,1970,2014,,,,,,0.35,,,,,,0.89,High,0.26,1.16,0.01,0.4,1995,0.01,0.4,0.01,0.4,2003,2014,CPUE,F,"Catch=landings from FishStat (Algeria, Morocco, Spain), Average Biomass from MEDIAS for GSAs 1 & 6. RF 0.01-0.4 ",,
Mediterranean,Balearic,LEPIWHI_BA,Benthic fish & inv.,Megrim in Balearic,Megrim,Lepidorhombus whiffiagonis,,1970,2014,1974,2014,,,,,,,,,,,,,Low,0.34,1,0.5,0.9,NA,NA,NA,0.01,0.2,NA,NA,None,F,Catch=landings from FishStat (Spain). RF final 0.2,,
Mediterranean,Balearic,LOLIVUL_BA,Benthic fish & inv.,European squid in Balearic,European squid,Loligo vulgaris,,1970,2014,1970,2014,,,,,,,,,,,,,Medium,NA,NA,0.2,0.6,1998,0.01,0.4,0.01,0.3,NA,NA,None,F,"Catch=landings from FishStat (Algeria, Spain).RF final 0.3",,
Mediterranean,Balearic,MERLMER_BA,Large predators,Hake in Balearic,European hake,Merluccius merluccius,"STECF 15-18, M from Colloca et al 2013",1970,2014,1970,2014,,,31,,,0.15,,,,0.47,,1.12,Medium,0.22,0.95,0.2,0.6,1995,0.01,0.4,0.01,0.2,2003,2014,CPUE,F,"Catch=landings from FishStat (Algeria, France, Morocco, Spain), Biomass from Medits for GSAs 1,5,6 (SGMED 2015, Part 1- 1,5,6,7 minus 7)",,
Mediterranean,Balearic,MICMPOU_BA,Large predators,Blue whiting in Balearic,Blue whiting,Micromesistius poutassou,excel,1970,2014,1980,2014,,,,,,0.32,,,,,,1.05,Medium,0.21,1.09,0.5,0.9,NA,NA,NA,0.01,0.2,1994,2009,CPUE,F,Catch=landings from FishStat (Spain),,
Mediterranean,Balearic,MULLBAR_BA,Benthic fish & inv.,Red mullet in Balearic,Red mullet,Mullus barbatus,Colloca et al 2013,1970,2014,1999,2014,,,,,,0.4,,,,0.29,,1.11,Medium,0.22,1.25,0.2,0.6,2005,0.2,0.6,0.1,0.5,1999,2009,CPUE,F,"Catch=landings from FishStat (Spain), Biomass from Medits for GSAs 1-6. RF final 0.1-0.5",,
Mediterranean,Balearic,MULLSUR_BA,Benthic fish & inv.,Surmulet in Balearic,Surmulet,Mullus surmuletus,Colloca et al 2013,1970,2014,1999,2014,,,,,,0.73,,,,0.31,,0.46,Medium,0.46,1.58,0.2,0.6,NA,NA,NA,0.01,0.3,1994,2009,CPUE,F,Catch=landings from FishStat (Spain). RF final 0.3,,
Mediterranean,Balearic,NEPRNOR_BA,Benthic fish & inv.,Norway lobster in Balearic,Norway lobster,Nephrops norvegicus,excel,1970,2014,1970,2014,,,,,,0.13,,,,,,0.45,Medium,NA,NA,0.01,0.4,1995,0.01,0.4,0.01,0.4,1994,2009,CPUE,F,"Catch=landings from FishStat (Algeria, Spain, Morocco), Biomass from Medits for GSAs 1-6",,
Mediterranean,Balearic,PAGEERY_BA,Benthic fish & inv.,Common pandora in Balearic,Common pandora,Pagellus erythrinus,,1970,2014,1995,2014,,,,,,,,,,,,,Medium,0.22,0.97,0.2,0.6,2000,0.2,0.6,0.2,0.6,1994,2009,CPUE,F,"Catch=landings from FishStat (Algeria, Spain, Morocco)",,
Mediterranean,Balearic,PAPELON_BA,Benthic fish & inv.,Pink shrimp in Balearic,Pink shrimp,Parapenaeus longirostris,excel,1970,2014,1970,2014,,,,,,0.31,,,,,,0.95,High,NA,NA,0.01,0.4,2005,0.01,0.4,0.01,0.3,2000,2006,CPUE,F,"Catch=landings from FishStat (Algeria, Spain), Biomass from Medits for GSAs 1-6. RF int 2005 0.01-0.4, final 0.3",,
Mediterranean,Balearic,PHYCBLE_BA,Benthic fish & inv.,Greater forkbeard in Balearic,Greater forkbeard,Phycis blennoides,,1970,2014,1974,2014,,,,,,,,,,,,,Medium,0.28,0.76,0.2,0.6,1997,0.01,0.4,0.01,0.3,NA,NA,None,F,"Catch=landings from FishStat (Algeria, Spain, Morocco). RF final 0.3",,
Mediterranean,Balearic,SARDPIL_BA,Plankton feeders,Sardine in Balearic,European pilchard,Sardina pilchardus,excel,1970,2014,1990,2014,,,,,,,,,,,,2.55,Medium,0.27,1.1,0.2,0.6,2005,0.2,0.6,0.01,0.4,2003,2014,CPUE,F,"Catch=landings from FishStat (Spain, Morocco, Algeria, France), Average Biomass from MEDIAS for GSAs 1 & 6. RF start 1990 0.2-0.6, int 2005 0.2-0.6, final 0.4",,
Mediterranean,Balearic,SARIAUR_BA,Plankton feeders,Round sardinella in Balearic,Round sardinella,Sardinella aurita,,1970,2014,1982,2014,,,,,,,,,,,,,High,0.24,1.26,0.2,0.6,2010,0.01,0.4,0.01,0.3,NA,NA,None,F,"Catch=landings from FishStat (Algeria, Spain, Morocco).  RF int 2010 0.01-0.4, final 0.01-0.3",,
Mediterranean,Balearic,SCOMPNE_BA,Plankton feeders,Atlantic chub mackerel in Balearic,Atlantic chub mackerel,Scomber colias,,1970,2014,1970,2014,,,,,,,,,,,,,High,0.31,1.17,0.2,0.6,NA,NA,NA,NA,NA,NA,NA,None,F,"Catch=landings from FishStat (Spain, Morocco)",,
Mediterranean,Balearic,SCOMSCO_BA,Plankton feeders,Atlantic mackerel in Balearic,Atlantic mackerel,Scomber scombrus,,1970,2014,1970,2014,,,,,,,,,,,,,Medium,0.23,1,0.2,0.6,NA,NA,NA,0.1,0.5,1994,2009,CPUE,F,"Catch=landings from FishStat (Algeria, France, Spain). RF final 0.1-0.5",,
Mediterranean,Balearic,SEPIOFF_BA,Benthic fish & inv.,Common cuttlefish in Balearic,common cuttlefish,Sepia officinalis,,1970,2014,1989,2014,,,,,,,,,,,,,Medium,NA,NA,0.2,0.6,NA,NA,NA,0.01,0.3,NA,NA,None,F,Catch=landings from FishStat (Algeria). RF final 0.01-0.3,,
Mediterranean,Balearic,SOLEVUL_BA,Benthic fish & inv.,Common sole in Balearic,Common sole,Solea solea,,1970,2014,1970,2014,,,,,,,,,,,,,Medium,0.21,1.02,0.2,0.6,2005,0.01,0.4,0.01,0.3,1994,2009,CPUE,F,"Catch=landings from FishStat (Algeria, Spain, Morocco). RF int 2005 0.01-0.4, final 0.3",,
Mediterranean,Balearic,TRISLUS_BA,Benthic fish & inv.,Pouting in Balearic,Pouting,Trisopterus minutus,,1970,2014,1996,2014,,,,,,,,,,,,,Medium,0.37,1.59,0.5,0.9,2005,0.01,0.4,0.01,0.4,1994,2009,CPUE,F,"Catch=landings from FishStat (Spain, Morocco)",,
Mediterranean,Cyprus,BOOPBOO_CY,Plankton feeders,Bogue in Cypriot waters,Bogue,Boops boops,excel,1970,2014,1990,2014,,,,,,0.24,,,,,,0.37,Medium,0.31,1.1,0.2,0.6,NA,NA,NA,0.01,0.3,NA,NA,None,F,Catch=landings from FishStat Based on Cypriot catches only. RF final 0.3. GS OK,,
Mediterranean,Cyprus,DENTDEN_CY,Benthic fish & inv.,Common dentex in Cypriot waters,Common dentex,Dentex dentex,,1970,2014,1972,2014,,,,,,,,,,,,,Low,0.15,0.73,0.2,0.6,NA,NA,NA,0.01,0.2,NA,NA,None,F,Catch=landings from FishStat Based on Cypriot catches only. RF final 0.2. GS OK,,
Mediterranean,Cyprus,MULLBAR_CY,Benthic fish & inv.,Red mullet in Cypriot waters,Red mullet,Mullus barbatus,Colloca et al 2013,1970,2014,1980,2014,,,,,,0.22,,,,0.1,,0.46,Medium,0.22,1.25,0.2,0.6,1995,0.01,0.4,0.01,0.3,2005,2013,CPUE,F,"Catch=landings from FishStat Based on Cypriot catches only, CPUE from MEDITS. GS final 0.3",,
Mediterranean,Cyprus,MULLSUR_CY,Benthic fish & inv.,Surmullet in Cypriot waters,Surmullet,Mullus surmuletus,excel,1970,2014,1980,2014,,,,,,0.23,,,,,,0.49,Medium,0.46,1.58,0.01,0.4,1995,0.01,0.4,0.01,0.4,2005,2013,CPUE,F,"Catch=landings from FishStat Based on Cypriot catches only, CPUE from MEDITS. GS OK",,
Mediterranean,Cyprus,PAGEACA_CY,Benthic fish & inv.,Axillary seabream in Cypriot waters,Axillary seabream,Pagellus acarne,,1970,2014,1972,2014,,,,,,,,,,,,,Medium,0.28,1.08,0.01,0.4,1995,0.01,0.4,0.01,0.4,2005,2013,CPUE,F,"Catch=landings from FishStat Based on Cypriot catches only, CPUE from MEDITS. GS OK",,
Mediterranean,Cyprus,PAGEERY_CY,Benthic fish & inv.,Common pandora in Cypriot waters,Common pandora,Pagellus erythrinus,,1970,2014,1970,2014,,,,,,,,,,,,,Medium,0.22,0.97,0.2,0.6,1995,0.01,0.4,0.01,0.4,2005,2013,CPUE,F,"Catch=landings from FishStat Based on Cypriot catches only, CPUE from MEDITS. GS OK",,
Mediterranean,Cyprus,PAGRPAG_CY,Benthic fish & inv.,Red porgy in Cypriot waters,Red porgy,Pagrus pagrus,,1970,2014,1972,2014,,,,,,,,,,,,,Medium,0.27,0.86,0.2,0.6,NA,NA,NA,0.01,0.3,NA,NA,None,F,Catch=landings from FishStat Based on Cypriot catches only. RF final 0.3. GS OK,,
Mediterranean,Cyprus,SEPIOFF_CY,Benthic fish & inv.,Common cuttlefish in Cypriot waters,common cuttlefish,Sepia officinalis,,1970,2014,1970,2014,,,,,,,,,,,,,Medium,NA,NA,0.2,0.6,NA,NA,NA,0.01,0.3,NA,NA,None,F,Catch=landings from FishStat Based on Cypriot catches only. RF final 0.3. GS OK,,
Mediterranean,Cyprus,SERIDUM_CY,Large predators,Greater amberjack in Cypriot waters,Greater amberjack,Seriola dumerili,,1970,2014,1970,2014,,,,,,,,,,,,,Medium,0.44,0.84,0.2,0.6,NA,NA,NA,0.01,0.3,NA,NA,None,F,Catch=landings from FishStat Based on Cypriot catches only. RF final 0.3. GS OK,,
Mediterranean,Cyprus,SPICSMA_CY,Plankton feeders,Picarel in Cypriot waters,Picarel,Spicara smaris,excel,1970,2014,1980,2014,,,,,,0.24,,,,,,0.37,Medium,NA,NA,0.2,0.6,NA,NA,NA,0.01,0.3,NA,NA,None,F,Catch=landings from FishStat Based on Cypriot catches only. GS final 0.3,,
Mediterranean,Ionian Sea,ARISFOL_IS,Benthic fish & inv.,Giant red shrimp in Ionian Sea,Giant red shrimp,Aristeomorpha foliacea,STECF 16-08,1970,2014,1995,2014,,,44,,,0.29,,,,,,0.66,Medium,NA,NA,0.2,0.6,2000,0.01,0.4,0.01,0.4,1994,2010,CPUE,F,"Catch=landings from FishStat (Italy), Biomass from Medits for GSAs 19+20. GS OK",,
Mediterranean,Ionian Sea,ATHEBOY_IS,Plankton feeders,Sand smelt in Ionian Sea,Big scale sand smelt,Atherina boyeri,,1970,2014,1970,2014,,,,,,,,,,,,,Medium,0.33,1.74,0.5,0.9,NA,NA,NA,0.01,0.4,NA,NA,None,F,"Catch=landings from FishStat (Tunisia, Greece, Italy, Albania). RF final 0.3. GS final 0.4",,
Mediterranean,Ionian Sea,BELOBEL_IS,Large predators,Garfish in Ionian Sea,Garfish,Belone belone,,1970,2014,1970,2014,,,,,,,,,,,,,Medium,0.19,1,0.5,0.9,2000,0.2,0.6,0.01,0.4,NA,NA,None,F,"Catch=landings from FishStat (Italy, Greece, Tunisia, Albania). RF int 2000 0.2-0.6, final 0.01-0.4. GS OK ",,
Mediterranean,Ionian Sea,BOOPBOO_IS,Plankton feeders,Bogue in Ionian Sea,Bogue,Boops boops,,1970,2014,1973,2014,,,,,,,,,,,,,Medium,0.31,1.1,0.5,0.9,1995,0.2,0.6,0.01,0.3,1994,2010,CPUE,F,"Catch=landings from FishStat (Italy+Greece+Albania), Biomass from Medits for GSAs 19+20. RF final 0.3. GS OK",,
Mediterranean,Ionian Sea,CONGCON_IS,Benthic fish & inv.,Conger eel in Ionian Sea,Conger eel,Conger conger,,1970,2014,1994,2014,,,,,,,,,,,,,Medium,0.16,0.46,0.4,0.8,2004,0.4,0.8,0.1,0.5,NA,NA,None,F,"Catch=landings from FishStat (Malta, Greece, Italy, Tunisia, Albania). RF start 0.4-0.8, int 2004 0.4-0.8, final 0.1-0.5. GS OK",,
Mediterranean,Ionian Sea,CORYHIP_IS,Large predators,Common dolphinfish in Ionian Sea,Common dolphinfish,Coryphaena hippurus,,1970,2014,1970,2014,,,,,,,,,,,,,High,0.39,1.54,0.5,0.9,NA,NA,NA,0.01,0.3,NA,NA,None,F,"Catch=landings from FishStat (Libya, Italy, Malta, Tunisia). RF final 0.3. GS OK",,
Mediterranean,Ionian Sea,DENTDEN_IS,Benthic fish & inv.,Common dentex in Ionian Sea,Common dentex,Dentex dentex,,1970,2014,1972,2014,,,,,,,,,,,,,Low,0.15,0.73,0.4,0.8,2000,0.01,0.3,0.01,0.4,NA,NA,None,F,"Catch=landings from FishStat (Tunisia, Malta, Greece, Libya, Italy, Albania). RF start 0.4-0.8, int 2000 0.01-0.3, final 0.01-0.4. GS OK",,
Mediterranean,Ionian Sea,DICELAB_IS,Large predators,European seabass in Ionian Sea,European seabass,Dicentrarchus labrax,,1970,2014,1970,2014,,,,,,,,,,,,,Low,0.17,0.88,0.2,0.6,NA,NA,NA,0.01,0.2,NA,NA,None,F,Catch=landings from FishStat. RF final 0.2. GS OK,,
Mediterranean,Ionian Sea,ELEDCIR_IS,Benthic fish & inv.,Horned octopus in Ionian Sea,Horned octopus,Eledone cirrosa,,1970,2014,1970,2014,,,,,,,,,,,,,Medium,NA,NA,0.4,0.8,2005,0.4,0.8,0.2,0.6,NA,NA,None,F,"Catch=landings from FishStat (Italy). RF start 0.4-0.8, int 2005 0.4-0.8, final 0.2-0.6",,
Mediterranean,Ionian Sea,ENGRENC_IS,Plankton feeders,Anchovy in Ionian Sea,European anchovy,Engraulis encrasicolus,,1970,2014,1970,2014,,,,,,,,,,,,,High,0.26,1.16,0.4,0.8,2000,0.4,0.8,0.01,0.3,1994,2010,CPUE,F,"Catch=landings from FishStat (Greece, Italy, Albania), Biomass from Medits for GSA 20. RF start 0.4-0.8, int 2000 0.4-0.8, final 0.01-0.3.",,
Mediterranean,Ionian Sea,EPINGUA_IS,Large predators,Dusky grouper in Ionian Sea,Dusky grouper,Epinephelus marginatus,,1970,2014,1985,2014,,,,,,,,,,,,,Low,0.11,0.57,0.2,0.6,2000,0.01,0.4,0.01,0.1,NA,NA,None,F,"Catch=landings from FishStat (Greece, Italy). RF start 1985, int 2000 0.01-0.4, final 0.01-0.1. GS OK ",,
Mediterranean,Ionian Sea,ILLECOI_IS,Benthic fish & inv.,Shortfin squid in Ionian Sea,Shortfin squid,Illex coindetii,,1970,2014,1973,2014,,,,,,,,,,,,,Medium,NA,NA,0.2,0.6,2000,0.1,0.5,0.01,0.3,1994,2010,CPUE,F,"Catch=landings from FishStat (Italy), Biomass from Medits for GSAs 19+20. RF int 2000 0.1-0.5, final 0.01-0.3. GS OK",,
Mediterranean,Ionian Sea,MERLMER_IS,Large predators,Hake in Ionian Sea,European hake,Merluccius merluccius,"STECF 16-08, M from Colloca et al 2013",1970,2014,1980,2014,,,452,,,0.18,,,,0.27,,0.87,Medium,0.22,0.95,0.5,0.9,1993,0.5,0.9,0.01,0.1,1994,2014,CPUE,F,"Catch=landings from FishStat (Greece, Italy, Albania), Biomass from Medits for GSAs 19 (SGMED 2015 Part 2, Table 5.2.2.6.1.3.1). GS OK",,
Mediterranean,Ionian Sea,MICRPOU_IS,Large predators,Blue whiting in Ionian Sea,Blue whiting,Micromesistius poutassou,,1970,2014,1975,2014,,,,,,,,,,,,,Medium,0.21,1.09,0.5,0.9,2000,0.01,0.4,0.01,0.2,NA,NA,None,F,"Catch=landings from FishStat (Greece, Italy). RF int 2000 0.01-0.4, final 0.2. GS OK",,
Mediterranean,Ionian Sea,MULLBAR_IS,Benthic fish & inv.,Red mullet in Ionian Sea,Red mullet,Mullus barbatus,STECF 16-08,1970,2014,1974,2014,,,496,,,0.45,,,,,,0.99,Medium,0.22,1.25,0.5,0.9,1992,0.2,0.6,0.01,0.1,1994,2014,CPUE,F,"Catch=landings from FishStat, Biomass from Medits for GSAs 19+20. GS OK",,
Mediterranean,Ionian Sea,MULLSUR_IS,Benthic fish & inv.,Surmulet in Ionian Sea,Surmulet,Mullus surmuletus,,1970,2014,1982,2014,,,,,,,,,,,,,Medium,0.46,1.58,0.2,0.6,2000,0.01,0.4,0.01,0.3,1994,2014,CPUE,F,"Greek landings from FishStat, Italian biomass. RF final 0.3. GS OK",,
Mediterranean,Ionian Sea,NEPRNOR_IS,Benthic fish & inv.,Norway lobster in Ionian Sea,Norway lobster,Nephrops norvegicus,,1970,2014,1980,2014,,,,,,,,,,,,,Medium,NA,NA,0.2,0.6,2003,0.01,0.4,0.01,0.3,1994,2010,CPUE,F,"Catch=landings from FishStat (Italy), Biomass from Medits for GSAs 19+20. RF start 1980, int 2003, final 0.3. GS OK",,
Mediterranean,Ionian Sea,OCTOVUL_IS,Benthic fish & inv.,Common octopus in Ionian Sea,Common octopus,Octopus vulgaris,,1970,2014,1975,2014,,,,,,,,,,,,,Medium,0.4,1,0.5,0.9,2000,0.1,0.5,0.01,0.2,1994,2010,CPUE,F,"Catch=landings from FishStat (Italy, Greece, Albania), Biomass from Medits for GSAs 19+20. RF int 0.1-0.5, final 0.2. GS OK",,
Mediterranean,Ionian Sea,PAGRPAG_IS,Benthic fish & inv.,Red porgy in Ionian Sea,Red porgy,Pagrus pagrus,,1970,2014,1970,2014,,,,,,,,,,,,,Medium,0.27,0.86,0.2,0.6,NA,NA,NA,NA,NA,NA,NA,None,F,"Catch=landings from FishStat (Tunisia, Malta, Greece). GS OK",,
Mediterranean,Ionian Sea,PALIELE_IS,Benthic fish & inv.,Common spiny lobster in Ionian Sea,Common spiny lobster,Palinurus elephas,,1970,2014,1975,2014,,,,,,,,,,,,,Low,NA,NA,0.2,0.6,NA,NA,NA,0.01,0.3,NA,NA,None,F,Catch=landings from FishStat (Italy). RF final 0.3. GS OK,,
Mediterranean,Ionian Sea,PARELON_IS,Benthic fish & inv.,Pink shrimp in Ionian Sea,Pink shrimp,Parapeneaus longirostris,STECF 16-08,1970,2014,1970,2014,,,386,,,0.89,,,,,,1.45,High,NA,NA,0.2,0.6,2000,0.01,0.4,0.01,0.4,1994,2014,CPUE,F,"Catch=landings from FishStat (Italy+Greece), Biomass from Medits for GSA 19 SGMED 2015 Table 5.2.11.6.1.3.1.1. GS OK",,
Mediterranean,Ionian Sea,PENAKER_IS,Benthic fish & inv.,Caramote prawn in Ionian Sea,Caramote prawn,Penaeus kerathurus,,1970,2014,1994,2014,,,,,,,,,,,,,Medium,NA,NA,0.2,0.6,2000,0.01,0.4,0.2,0.6,NA,NA,None,F,Catch=landings from FishStat (Italy+Greece+Albania). GS final 0.2-0.6; scientific name changed,,
Mediterranean,Ionian Sea,PSETMAX_IS,Benthic fish & inv.,Turbot in Ionian Sea,Turbot,Scophthalmus maximus,,1970,2014,1970,2013,,,,,,,,,,,,,Medium,0.25,0.82,0.5,0.9,NA,NA,NA,0.01,0.3,NA,NA,None,F,Catch=landings from FishStat. RF final 0.3. GS OK,,
Mediterranean,Ionian Sea,SARDPIL_IS,Plankton feeders,Sardine in Ionian Sea,European sardine,Sardina pilchardus,,1970,2014,1970,2014,,,,,,,,,,,,,Medium,0.27,1.1,0.2,0.6,2000,0.01,0.4,0.01,0.3,1994,2010,CPUE,F,"Catch=landings from FishStat (Italy+Greece+Albania), Biomass from Medits for GSA 20. RF final 0.3. ",,
Mediterranean,Ionian Sea,SCOMPNE_IS,Plankton feeders,Atlantic chub mackerel in Ionian Sea,Atlantic chub mackerel,Scomber colias,,1970,2014,1996,2014,,,,,,,,,,,,,High,0.31,1.17,0.2,0.6,2000,0.01,0.4,0.01,0.4,NA,NA,None,F,Catch=landings from FishStat. GS OK,,
Mediterranean,Ionian Sea,SCOMSCO_IS,Plankton feeders,Atlantic mackerel in Ionian Sea,Atlantic mackerel,Scomber scombrus,,1970,2014,1970,2014,,,,,,,,,,,,,Medium,0.23,1,0.2,0.6,2000,0.01,0.4,0.01,0.3,1994,2010,CPUE,F,"Catch=landings from FishStat (Greece, Italy, Albania), Biomass from Medits for GSAs 19+20. RF final 0.3. GS OK",,
Mediterranean,Ionian Sea,SEPIOFF_IS,Benthic fish & inv.,Common cuttlefish in Ionian Sea,Common cuttlefish,Sepia officinalis,,1970,2014,1970,2014,,,,,,,,,,,,,Medium,NA,NA,0.2,0.6,NA,NA,NA,0.3,0.7,NA,NA,None,F,"Catch=landings from FishStat (Malta, Greece, Tunisia, Albania, Libya). RF final 0.3-0.7. GS OK",,
Mediterranean,Ionian Sea,SOLEVUL_IS,Benthic fish & inv.,Common sole in Ionian Sea,Common sole,Solea solea,,1970,2014,1985,2014,,,,,,,,,,,,,Medium,0.21,1.02,0.2,0.6,2000,0.01,0.4,0.01,0.2,NA,NA,None,F,"Catch=landings from FishStat (Greece, Italy, Albania). RF start 1985, int 2000 0.01-0.4, final 0.2. GS OK",,
Mediterranean,Ionian Sea,SQUIMAN_IS,Benthic fish & inv.,Mantis shrimp in Ionian Sea,Mantis shrimp,Squilla mantis,,1970,2014,1970,2014,,,,,,,,,,,,,Medium,NA,NA,0.2,0.6,2000,0.01,0.4,0.01,0.4,1994,2010,CPUE,F,"Catch=landings from FishStat (Italy), Biomass from Medits for GSAs 19+20. GS OK",,
Mediterranean,Ionian Sea,TRACHMED_IS,Plankton feeders,Mediterranean horse mackerel in Ionian Sea,Mediterranean horse mackerel ,Trachurus mediterraneus,,1970,2014,1995,2014,,,,,,,,,,,,,Medium,0.59,1.33,0.2,0.6,2004,0.01,0.4,0.01,0.2,1994,2010,CPUE,F,"Catch=landings from FishStat (Greece), Biomass from Medits for GSAs 19+20. RF start 1995, int 2004 0.01-0.4, final 0.2. GS OK",,
Mediterranean,Ionian Sea,UMBRCIR_IS,Benthic fish & inv.,Shi drum in Ionian Sea,Shi drum,Umbrina cirrosa,,1970,2014,1995,2013,,,,,,,,,,,,,Medium,0.59,1.2,0.2,0.6,2010,0.2,0.6,0.2,0.6,NA,NA,None,F,"Catch=landings from FishStat. RF start 1995 0.2-0.6, int 2010 0.2-0.6, final 0.2-0.6. GS OK",,
Mediterranean,Lions Gulf,BOOPBOO_LI,Plankton feeders,Bogue in Lions Gulf,Bogue,Boops boops,,1970,2014,1974,2014,,,,,,,,,,,,,Medium,0.31,1.1,0.2,0.6,NA,NA,NA,NA,NA,NA,NA,None,F,"Catch=landings from FishStat (Spain, France). GS OK",,
Mediterranean,Lions Gulf,CONGCON_LI,Benthic fish & inv.,Conger eel in Lions Gulf,Conger eel,Conger conger,,1970,2014,1970,2014,,,,,,,,,,,,,Medium,0.16,0.46,0.2,0.6,2005,0.01,0.4,0.01,0.3,NA,NA,None,F,"Catch=landings from FishStat (Spain, France). RF in 2005 0.01-0.4, final 0.3. GS OK",,
Mediterranean,Lions Gulf,DICELAB_LI,Large predators,European seabass in Lions Gulf,European seabass,Dicentrarchus labrax,,1970,2014,1974,2014,,,,,,,,,,,,,Low,0.17,0.88,0.2,0.6,NA,NA,NA,0.01,0.3,NA,NA,None,F,"Catch=landings from FishStat (Spain, France). RF final0.3. GS OK",,
Mediterranean,Lions Gulf,ENGRENC_LI,Plankton feeders,Anchovy in Lions Gulf,European anchovy,Engraulis encrasicolus,Colloca et al 2013,1970,2014,1970,2014,,,,,,0.62,,,,0.93,,0.13,High,0.26,1.16,0.5,0.9,2005,0.01,0.4,0.01,0.3,2002,2014,CPUE,F,"Catch=landings from FishStat (Spain, France), Biomass from MEDIAS for GSA7. RF 2005 0.01-0.4, final 0.3. GS OK",,
Mediterranean,Lions Gulf,LOLIVUL_LI,Benthic fish & inv.,European squid in Lions Gulf,European squid,Loligo vulgaris,,1970,2014,1980,2014,,,,,,,,,,,,,Medium,NA,NA,0.01,0.4,NA,NA,NA,0.01,0.3,NA,NA,None,F,"Catch=landings from FishStat (Spain, France). RF start 1980, final 0.3. GS OK",,
Mediterranean,Lions Gulf,MERLMER_LI,Large predators,Hake in Lions Gulf,European hake,Merluccius merluccius,"EASME EMFF 2014, M from Colloca et al 2013",1970,2014,1970,2014,,,1077,,,0.11,,,,0.26,,1.64,Medium,0.22,0.95,0.01,0.4,1995,0.01,0.4,0.01,0.3,1998,2014,CPUE,F,"Catch=landings from FishStat (Spain, France), Biomass from Medits for GSA7 (SGMED 2015, Part 1 GSA 7). RF final 0.3. GS OK",,
Mediterranean,Lions Gulf,MICMPOU_LI,Large predators,Blue whiting in Lions Gulf,Blue whiting,Micromesistius poutassou,,1970,2014,1990,2014,,,,,,,,,,,,,Medium,0.21,1.09,0.01,0.4,NA,NA,NA,0.01,0.3,NA,NA,None,F,"Catch=landings from FishStat (Spain, France). RF final 0.3. GS OK",,
Mediterranean,Lions Gulf,MULLSPP_LI,Benthic fish & inv.,Red mullet and surmullet in Lions Gulf,Red mullet and surmullet,Mullus spp.,,1970,2014,1970,2014,,,,,,,,,,,,,Medium,0.22,1.25,0.5,0.9,NA,NA,NA,0.2,0.6,1994,2009,CPUE,F,"Catch=landings from FishStat (Spain, France), Biomass from Medits for Mullus barbatus for GSA7.",,
Mediterranean,Lions Gulf,NEPRNOR_LI,Benthic fish & inv.,Norway lobster in Lions Gulf,Norway lobster,Nephrops norvegicus,,1970,2014,1987,2014,,,,,,,,,,,,,Medium,NA,NA,0.01,0.4,1995,0.01,0.4,0.01,0.4,2000,2006,CPUE,F,"Catch=landings from FishStat (Spain, France), Biomass from Medits for GSA7. RF final 0.3. GS OK final 0.4",,
Mediterranean,Lions Gulf,OCTOVUL_LI,Benthic fish & inv.,Common octopus in Lions Gulf,Common octopus,Octopus vulgaris,,1970,2014,1974,2014,,,,,,,,,,,,,Medium,0.4,1,0.5,0.9,1995,0.3,0.7,0.2,0.6,NA,NA,None,F,Catch=landings from FishStat (France). GS OK,,
Mediterranean,Lions Gulf,PAGEERY_LI,Benthic fish & inv.,Common pandora in Lions Gulf,Common pandora,Pagellus erythrinus,,1970,2014,1973,2014,,,,,,,,,,,,,Medium,0.22,0.97,0.01,0.4,NA,NA,NA,NA,NA,NA,NA,None,F,"Catch=landings from FishStat (Spain, France). GS OK",,
Mediterranean,Lions Gulf,SARDPIL_LI,Plankton feeders,Sardine in Lions Gulf,European pilchard,Sardina pilchardus,,1970,2014,1970,2014,,,,,,,,,,,,,Medium,0.27,1.1,0.2,0.6,1997,0.01,0.4,0.01,0.2,2006,2014,CPUE,F,"Catch=landings from FishStat (Spain, France), Biomass from MEDIAS for GSA7. RF int 1997 0.01-0.4, final 0.2. GS OK",,
Mediterranean,Lions Gulf,SCOMSCO_LI,Plankton feeders,Atlantic mackerel in Lions Gulf,Atlantic mackerel,Scomber scombrus,,1970,2014,1970,2014,,,,,,,,,,,,,Medium,0.23,1,0.2,0.6,2005,0.1,0.5,0.01,0.4,NA,NA,None,F,"Catch=landings from FishStat (Spain, France). RF 2005 0.1-0.5, final 0.01-0.4. GS OK",,
Mediterranean,Lions Gulf,SEPIOFF_LI,Benthic fish & inv.,Common cuttlefish in Lions Gulf,common cuttlefish,Sepia officinalis,,1970,2014,1973,2014,,,,,,,,,,,,,Medium,NA,NA,0.2,0.6,2000,0.01,0.4,0.01,0.4,NA,NA,None,F,Catch=landings from FishStat (France). GS OK,,
Mediterranean,Lions Gulf,SOLEVUL_LI,Benthic fish & inv.,Common sole in Lions Gulf,Common sole,Solea solea,,1970,2014,1970,2014,,,,,,,,,,,,,Medium,0.21,1.02,0.2,0.6,NA,NA,NA,NA,NA,NA,NA,None,F,"Catch=landings from FishStat (Spain, France). GS OK",,
Mediterranean,Lions Gulf,TRISMIN_LI,Benthic fish & inv.,Poor cod in Lions Gulf,Poor cod,Trisopterus minutus,,1970,2014,1972,2014,,,,,,,,,,,,,Medium,0.37,1.59,0.5,0.9,1997,0.01,0.4,0.01,0.4,NA,NA,None,F,"Catch=landings from FishStat (Spain, France). RF int 1997 0.01-0.4, final 0.01-0.4. GS OK",,
Mediterranean,Sardinia,BELOBEL_SA,Large predators,Garfish in Sardinia,Garfish,Belone belone,,1982,2014,1982,2014,,,,,,,,,,,,,Medium,0.19,1,0.5,0.9,NA,NA,NA,NA,NA,NA,NA,None,F,"Catch=landings from FishStat (Tunisia, Italy)",,
Mediterranean,Sardinia,BOOPBOO_SA,Plankton feeders,Bogue in Sardinia,Bogue,Boops boops,,1970,2014,1980,2014,,,,,,,,,,,,,Medium,0.31,1.1,0.2,0.6,1995,0.01,0.4,0.01,0.4,NA,NA,None,F,"Catch=landings from FishStat (Tunisia, Italy, France)",,OK
Mediterranean,Sardinia,CHAMGAL_SA,Plankton feeders,Striped venus in Sardinia,Venus clam,Chamelea gallina,,1970,2014,1970,2014,,,,,,,,,,,,,Medium,NA,NA,0.5,0.9,NA,NA,NA,0.01,0.4,NA,NA,None,F,Catch=landings from FishStat (Italy),,
Mediterranean,Sardinia,CORYHIP_SA,Large predators,Common dolphinfish in Sardinia,Common dolphinfish,Coryphaena hippurus,,1970,2014,1986,2014,,,,,,,,,,,,,High,0.39,1.54,0.2,0.6,NA,NA,NA,NA,NA,NA,NA,None,F,"Catch=landings from FishStat (Italy, Tunisia)",,
Mediterranean,Sardinia,DENTDEN_SA,Benthic fish & inv.,Common dentex in Sardinia,Common dentex,Dentex dentex,,1970,2014,1970,2014,,,,,,,,,,,,,Low,0.15,0.73,0.2,0.6,NA,NA,NA,NA,NA,NA,NA,None,F,"Catch=landings from FishStat (Tunisia, Italy, France)",,
Mediterranean,Sardinia,ENGRENC_SA,Plankton feeders,Anchovy in Sardinia,European anchovy,Engraulis encrasicolus,excel,1970,2014,1985,2014,,,,,,0.5,,,,,,1.3,High,0.26,1.16,0.2,0.6,2000,0.01,0.4,0.01,0.3,2000,2005,CPUE,F,"Catch=landings from FishStat (Tunisia, Italy, France), Biomass from MEDIAS for GSAs 8-10",,OK
Mediterranean,Sardinia,EPINGUA_SA,Large predators,Dusky grouper in Sardinia,Dusky grouper,Epinephelus marginatus,,1970,2014,1970,2014,,,,,,,,,,,,,Low,0.11,0.57,0.2,0.6,NA,NA,NA,NA,NA,NA,NA,None,F,Catch=landings from FishStat (Italy),,
Mediterranean,Sardinia,ILLECOI_SA,Benthic fish & inv.,Shortfin squid in Sardinia,Shortfin squid,Illex coindettii,,1970,2014,1970,2014,,,,,,,,,,,,,Medium,NA,NA,0.2,0.6,NA,NA,NA,NA,NA,NA,NA,None,F,"Catch=landings from FishStat (Italy, France)",,
Mediterranean,Sardinia,LOLIVUL_SA,Benthic fish & inv.,European squid in Sardinia,European squid,Loligo vulgaris,,1970,2014,1970,2014,,,,,,,,,,,,,Medium,NA,NA,0.2,0.6,NA,NA,NA,NA,NA,NA,NA,None,F,"Catch=landings from FishStat (Tunisia, Italy, France)",,
Mediterranean,Sardinia,MERLMER_SA,Large predators,Hake in Sardinia,European hake,Merluccius merluccius,EASME EMFF 2014,1970,2014,1970,2014,,,73,,,0.17,,,,,,1.19,Medium,0.22,0.95,0.01,0.4,1995,0.01,0.4,0.01,0.4,2006,2014,CPUE,F,"Catch=landings from FishStat  (Tunisia, Italy, France, Spain), Biomass from SGMED SSB for GSAs 9-11, SGMED 2015 Part 1 SSB)",,
Mediterranean,Sardinia,MICMPOU_SA,Large predators,Blue whiting in Sardinia,Blue whiting,Micromesistius poutassou,excel,1970,2014,1970,2014,,,,,,0.53,,,,,,1.12,Medium,0.21,1.09,0.5,0.9,2000,0.01,0.4,0.01,0.3,NA,NA,None,F,"Catch=landings from FishStat (France, Italy)",,OK
Mediterranean,Sardinia,MULLBAR_SA,Benthic fish & inv.,Red mullet in Sardinia,Red mullet,Mullus barbatus,"EASME EMFF 2014, M from Colloca et al 2013",1970,2014,1994,2014,,,,,,0.32,,,,0.33,,1.02,Medium,0.22,1.25,0.2,0.6,2006,0.2,0.6,0.01,0.4,2000,2004,CPUE,F,"Catch=landings from FishStat (Tunisia, Italy, Spain), Biomass from Medits for GSAs 8-10",,OK
Mediterranean,Sardinia,NEPRNOR_SA,Benthic fish & inv.,Norway lobster in Sardinia,Norway lobster,Nephrops norvegicus,excel,1970,2014,1970,2014,,,,,,0.21,,,,,,0.29,Medium,NA,NA,0.01,0.4,1995,0.01,0.4,0.01,0.2,2000,2006,CPUE,F,"Catch=landings from FishStat (Tunisia, Italy, France, Spain), Biomass from Medits for GSAs 8-10",,
Mediterranean,Sardinia,PAGEERY_SA,Benthic fish & inv.,Common pandora in Sardinia,Common pandora,Pagellus erythrinus,excel,1970,2014,1973,2014,,,,,,0.13,,,,,,0.31,Medium,0.22,0.97,0.2,0.6,NA,NA,NA,0.01,0.3,NA,NA,None,F,"Catch=landings from FishStat (France, Tunisia)",,
Mediterranean,Sardinia,PALIELE_SA,Benthic fish & inv.,Common spiny lobster in Sardinia,Common spiny lobster,Palinurus elephas,,1970,2014,1970,2014,,,,,,,,,,,,,Low,NA,NA,0.2,0.6,NA,NA,NA,NA,NA,NA,NA,None,F,"Catch=landings from FishStat (Italy, France)",,
Mediterranean,Sardinia,PAPELON_SA,Benthic fish & inv.,Pink shrimp in Sardinia,Pink shrimp,Parapeneaus longirostris,excel,1970,2014,1990,2014,,,,,,0.71,,,,,,0.75,High,NA,NA,0.01,0.4,2002,0.01,0.4,0.2,0.6,2000,2006,CPUE,F,"Catch=landings from FishStat (Tunisia, Italy, France, Spain), Biomass from Medits for GSAs 8-10",,OK
Mediterranean,Sardinia,SARDPIL_SA,Plankton feeders,Sardine in Sardinia,European pilchard,Sardina pilchardus,,1970,2014,1974,2014,,,,,,,,,,,,,Medium,0.27,1.1,0.5,0.9,2005,0.01,0.4,0.01,0.4,1998,2005,CPUE,F,"Catch=landings from FishStat (Tunisia, Italy, France), Biomass from Medits for GSAs 8-10",,OK
Mediterranean,Sardinia,SEPIOFF_SA,Benthic fish & inv.,Common cuttlefish in Sardinia,common cuttlefish,Sepia officinalis,,1970,2014,1973,2014,,,,,,,,,,,,,Medium,NA,NA,0.2,0.6,NA,NA,NA,NA,NA,NA,NA,None,F,"Catch=landings from FishStat (Tunisia, France)",,
Mediterranean,Sardinia,SPICMAE_SA,Plankton feeders,Blotched picarel in Sardinia,Blotched picarel,Spicara maena,,1970,2014,1989,2014,,,,,,,,,,,,,Medium,0.48,1.29,0.2,0.6,NA,NA,NA,NA,NA,NA,NA,None,F,Catch=landings from FishStat (Tunisia),,
Mediterranean,Sardinia,SARDPIL_SA_EXAMPLE,Plankton feeders,Sardine in Sardinia example dataset,European pilchard,Sardina pilchardus example,,2000,2014,2000,2014,,,,,,,,,,,,,Medium,0.27,1.1,0.5,0.9,NA,NA,NA,0.01,0.4,NA,NA,CPUE,F,"Catch=landings from FishStat (Tunisia, Italy, France), Biomass from Medits for GSAs 8-10",,OK
