"Ready?","Region","Subregion","Stock","Group","Name","EnglishName","ScientificName","Source","MinOfYear","MaxOfYear","StartYear","EndYear","Flim","Fpa","Blim","Bpa","Bmsy","FMSY","MSY","MSYBtrigger","B40","M","Fofl","last_F","Resilience","r.low","r.hi","stb.low","stb.hi","int.yr","intb.low","intb.hi","endb.low","endb.hi","q.start","q.end","btype","force.cmsy","Comment"
"Y","IOTC","Indian Ocean","Alop_sup_IndianOcean","Large sharks (>=90 cm)","Bigeye thresher in Gulf of Oman","Bigeye thresher","Alopias superciliosus","NA",1950,2014,1950,2014,"NA","NA","NA","NA","NA","NA","NA","NA","NA","NA","NA","NA","Low",0.01,0.67,0.8,1,"NA","NA","NA","NA","NA","NA","NA","None","F","RF OK 14/05/18."
"Y","IOTC; SIOFA","Indian Ocean","Alop_vul_IndianOcean","Large sharks (>=90 cm)","Thresher in Indian Ocean","Thresher","Alopias vulpinus","NA",1950,2014,1950,2014,"NA","NA","NA","NA","NA","NA","NA","NA","NA","NA","NA","NA","Low","NA","NA",0.8,1,"NA","NA","NA","NA","NA","NA","NA","None","F","RF changed resilience from Very low to Low. OK 14/05/18."
,"GFCM;ICCAT","Mediterranean","Angu_ang_Med","Large demersals (>=90 cm)","European eel in Mediterranean","European eel","Anguilla anguilla",,1950,2014,1950,2014,"NA","NA","NA","NA","NA","NA","NA","NA","NA","NA","NA","NA","Low","NA","NA",0.6,1,"NA","NA","NA",0.01,0.2,"NA","NA","CPUE","F","RF changed final depletion prior to 0.01-0.2. OK 14/05/18."
"Y","FAO area 27 and 21","North Atlantic","Apha_car_NorthAtlantic","Large benthopelagics (>=90 cm)","Black scabbardfish in North Atlantic","Black scabbardfish","Aphanopus carbo",,1950,2014,1950,2014,"NA","NA","NA","NA","NA","NA","NA","NA","NA","NA","NA","NA","Low","NA","NA",0.9,1,"NA","NA","NA","NA","NA","NA","NA","None","F","RF OK 14/05/18."
,"GFCM;ICCAT","Mediterranean","Aris_ant_Med","Shrimps","Blue and red shrimp in Alboran Sea","Blue and red shrimp","Aristeus antennatus","http://www.fao.org/gfcm/reports/technical-meetings/detail/en/c/471253/",1950,2014,1950,2014,"NA","NA","NA","NA","NA","NA","NA","NA","NA","NA","NA","NA","Medium","NA","NA","NA","NA","NA","NA","NA","NA","NA","NA","NA","CPUE","F","RF OK 14/05/18. CPUE from ARITANT_BA Biomass from Medits for GSAs 1-6"
"Y","IOTC","Indian Ocean","Auxi_roc_IndianOcean","Medium pelagics (30 - 89 cm)","Bullet tuna in Indian Ocean","Bullet tuna","Auxis rochei","http://www.iotc.org/sites/default/files/documents/science/species_summaries/english/Bullet%20tuna%20Supporting%20Information.pdf",1950,2014,1950,2014,"NA","NA","NA","NA","NA","NA","NA","NA","NA","NA","NA","NA","Medium",0.68,1.2,"NA","NA",2002,0.4,0.8,"NA","NA","NA","NA","CPUE","T","RF OK 14/05/18. CPUE from IOTC, Sri Lanka Gill-net, incompatible with catch and ignored."
,"ICCAT","Mediterranean","Auxi_roc_Med","Medium pelagics (30 - 89 cm)","Bullet tuna in Mediterranean","Bullet tuna","Auxis rochei",,1958,2014,1958,2014,"NA","NA","NA","NA","NA","NA","NA","NA","NA","NA","NA","NA","Medium",0.68,1.2,0.8,1,"NA","NA","NA","NA","NA","NA","NA","None","F","RF OK 14/05/18."
"Y","IOTC","Indian Ocean","Auxi_tha_IndianOcean","Medium pelagics (30 - 89 cm)","Frigate tuna in Indian Ocean","Frigate tuna","Auxis thazard","http://www.iotc.org/science/status-summary-species-tuna-and-tuna-species-under-iotc-mandate-well-other-species-impacted-iotc",1950,2014,1950,2014,"NA","NA","NA","NA","NA","NA","NA","NA","NA","NA","NA","NA","Medium",0.68,1.2,"NA","NA","NA","NA","NA","NA","NA","NA","NA","None","F","RF OK 14/05/18."
,"NEAFC;NASCO;ICCAT;FAO27","North East Atlantic Ocean","Bery_spl_NorthEastAtlantic","Medium benthopelagics (30 - 89 cm)","Splendid alfonsino in North East Atlantic Ocean","Splendid alfonsino","Beryx splendens","NA",1950,2014,1950,2014,"NA","NA","NA","NA","NA","NA","NA","NA","NA","NA","NA","NA","Low","NA","NA","NA","NA","NA","NA","NA","NA","NA","NA","NA","None","F","RF OK 14/05/18."
"Y","IOTC","Indian Ocean","Carc_fal_IndianOcean","Large sharks (>=90 cm)","Silky shark in Indian Ocean","Silky shark","Carcharhinus falciformis","http://www.iotc.org/science/status-summary-species-tuna-and-tuna-species-under-iotc-mandate-well-other-species-impacted-iotc",1950,2014,1950,2014,"NA","NA","NA","NA","NA","NA","NA","NA","NA","NA","NA","NA","Very low","NA","NA","NA","NA","NA","NA","NA","NA","NA","NA","NA","None","F","RF OK 14/05/18."
"Y","IOTC; SIOFA; CCSBT","Indian Ocean","Cory_hip_IndianOcean","Large pelagics (>=90 cm)","Common dolphinfish in Indian Ocean","Common dolphinfish","Coryphaena hippurus","NA",1950,2014,1950,2014,"NA","NA","NA","NA","NA","NA","NA","NA","NA","NA","NA","NA","High",0.39,1.54,"NA","NA","NA","NA","NA","NA","NA","NA","NA","None","F","RF OK 14/05/18."
,"GFCM;ICCAT","Mediterranean","Cory_hip_Med","Large pelagics (>=90 cm)","Common dolphinfish in Mediterranean","Common dolphinfish","Coryphaena hippurus",,1950,2014,1950,2014,"NA","NA","NA","NA","NA","NA","NA","NA","NA","NA","NA","NA","Medium","NA","NA","NA","NA","NA","NA","NA","NA","NA","NA","NA","None","F","RF OK 14/05/18. The slow decline in catches is incompatible with expected high resilience of the species. Probably much higher catches in the past, followed by steeper decline. In the analysis as presented, r is probably too low."
,"WCPFC","Western Pacific Ocean","Cory_hip_WCPFC","Large pelagics (>=90cm)","Common dolphinfish in Western Pacific","Common dolphinfish","Coryphaena hippurus",,1950,2014,1950,2014,"NA","NA","NA","NA","NA","NA","NA","NA","NA","NA","NA","NA","High","NA","NA","NA","NA","NA","NA","NA","NA","NA","NA","NA","None","F","RF OK 14/05/18."
,"GFCM;ICCAT","Mediterranean","Engr_enc_Med","Small pelagics (<30 cm)","European anchovy in Mediterranean","European anchovy","Engraulis encrasicolus",,1950,2014,1950,2014,"NA","NA","NA","NA","NA","NA","NA","NA","NA","NA","NA","NA","High",0.26,1.16,"NA","NA",2002,0.1,0.5,"NA","NA",2002,2010,"CPUE","F","RF OK 14/05/18. CPUE used ENGRENC_BA. Stock ENGRENC_LI Biomass from MEDIAS for GSA7, ENGRENC_BA  Average Biomass from MEDIAS for GSAs 1 & 6. ENGRENC_SA Biomass from MEDIAS for GSAs 8-10."
"Y","IOTC","Indian Ocean","Euth_aff_IndianOcean","Large pelagics (>=90 cm)","Kawakawa in Indian Ocean","Kawakawa","Euthynnus affinis","http://www.iotc.org/science/status-summary-species-tuna-and-tuna-species-under-iotc-mandate-well-other-species-impacted-iotc",1950,2014,1950,2014,"NA","NA","NA","NA","NA","NA","NA","NA","NA","NA","NA","NA","Medium","NA","NA","NA","NA",1990,0.6,1,"NA","NA","NA","NA","CPUE","F","RF changed start of CPUE to 1990, with prior biomass 0.4-0.8. OK 14/05/18."
"Y","WCPFC;CCSBT","Western Pacific Ocean","Euth_aff_WesternPacificOcean","Large pelagics (>=90 cm)","Kawakawa in Sunda Shelf/Java Sea","Kawakawa","Euthynnus affinis","NA",1950,2014,1950,2014,"NA","NA","NA","NA","NA","NA","NA","NA","NA","NA","NA","NA","Medium",0.35,0.97,"NA","NA","NA","NA","NA","NA","NA","NA","NA","None","F",
,"GFCM;ICCAT","Mediterranean","Euth_all_Med","Large pelagics (>=90 cm)","Little tunny in Mediterranean","Little tunny","Euthynnus alletteratus",,1950,2014,1950,2014,"NA","NA","NA","NA","NA","NA","NA","NA","NA","NA","NA","NA","Medium",0.36,1.14,"NA","NA","NA","NA","NA","NA","NA","NA","NA","None","F","!!! Straddling Stock"
,"ICES areas 27.5.a.2; 27.2.b.2; 27.14.a; 27.14.b.2; 27.2.a.2; 27.2.b.1; 27.2.a.1","Iceland","Gadu_mor_Iceland","Large benthopelagics (>=90 cm)","Atlantic cod in Iceland","Atlantic cod","Gadus morhua","http://www.ices.dk/sites/pub/Publication%20Reports/Advice/2016/2016/cod-iceg.pdf",1950,2014,1950,2014,"NA","NA","NA","NA",1296,0.359,466,"NA","NA","NA","NA","NA","Medium","NA","NA","NA","NA","NA","NA","NA",0.2,0.6,"NA","NA","CPUE","F","RF OK 01/03/18. Consider joining the two Iceland ecoregions, same as stock cod-iceg ."
"Y","IOTC","Indian Ocean","Isti_ind_IndianOcean","Large pelagics (>=90 cm)","Black marlin in South India and Sri Lanka","Black marlin","Istiompax indica","http://www.iotc.org/science/status-summary-species-tuna-and-tuna-species-under-iotc-mandate-well-other-species-impacted-iotc",1950,2014,1950,2014,"NA","NA","NA","NA","NA","NA","NA","NA","NA","NA","NA","NA","Medium",0.21,1.5,"NA","NA","NA","NA","NA","NA","NA","NA","NA","None","F",
"Y","IOTC; SIOFA; CCSBT","Indian Ocean","Isti_pla_IndianOcean","Large pelagics (>=90 cm)","Indo-Pacific sailfish in Indian Ocean","Indo-Pacific sailfish","Istiophorus platypterus","NA",1950,2014,1950,2014,"NA","NA","NA","NA","NA","NA","NA","NA","NA","NA","NA","NA","Low","NA","NA","NA","NA","NA","NA","NA","NA","NA","NA","NA","None","F","Combined catch from FAO area 48, 58, and 88"
"Y","ICCAT; FAO 27,34,47","Atlantic Ocean, East","Kats_pel_EastAtlanticOcean","Large pelagics (>=90 cm)","Skipjack tuna in Eastern Atlantic Ocean","Skipjack tuna","Katsuwonus pelamis","https://www.iccat.int/Documents/Meetings/Docs/2014_SKJ_ASSESS_ENG.pdf",1950,2014,1950,2014,"NA","NA","NA","NA","NA","NA","NA","NA","NA","NA","NA","NA","Medium",0.36,1.2,"NA","NA","NA","NA","NA","NA","NA",1976,1990,"CPUE","F","Combined catch from FAO areas 27, 43, 47 to represent ICCAT SKJ-E"
"Y","IOTC; SIOFA; CCSBT","Indian Ocean","Kats_pel_IndianOcean","Large pelagics (>=90 cm)","Skipjack tuna in Indian Ocean","Skipjack tuna","Katsuwonus pelamis","http://www.iotc.org/sites/default/files/documents/science/species_summaries/english/Skipjack_tuna_Supporting_information.pdf",1950,2014,1950,2014,"NA","NA","NA","NA","NA","NA","NA","NA","NA","NA","NA","NA","Medium","NA","NA","NA","NA",1985,0.5,0.8,"NA","NA","NA","NA","CPUE","F","Combined catch from FAO area 48, 58, and 88"
,"GFCM;ICCAT","Mediterranean","Kats_pel_Med","Large pelagics (>=90 cm)","Skipjack tuna in the Mediterranean","Skipjack tuna","Katsuwonus pelamis",,1950,2014,1950,2014,"NA","NA","NA","NA","NA","NA","NA","NA","NA","NA","NA","NA","Medium",0.36,1.2,"NA","NA","NA","NA","NA","NA","NA","NA","NA","None","F","Limited resilience to 1.2."
"Y","WCPFC;CCSBT","Western Pacific Ocean","Kats_pel_WesternPacificOcean","Large pelagics (>=90 cm)","Skipjack tuna in Sunda Shelf/Java Sea","Skipjack tuna","Katsuwonus pelamis","NA",1950,2014,1950,2014,"NA","NA","NA","NA","NA","NA","NA","NA","NA","NA","NA","NA","Medium",0.36,1.2,"NA","NA",1986,0.4,0.8,"NA","NA","NA","NA","None","F","Limited resilience to 1.2."
,"NEAFC;NASCO;ICCAT","East Atlantic Ocean","Maka_nig_EastAtlantic","Large pelagics (>=90 cm)","Indo-Pacific blue marlin in East Atlantic Ocean","Indo-Pacific blue marlin","Makaira nigricans","NA",1956,2014,1950,2014,"NA","NA","NA","NA","NA","NA","NA","NA","NA","NA","NA","NA","Medium","NA","NA","NA","NA","NA","NA","NA","NA","NA","NA","NA","None","F","!!! Straddling stock"
"Y","ICES areas 5 and 14 and Division 2.a west of 5°W","Iceland and Faroes grounds, East Greenland and Jan Mayen area","Mall_vil_GreenlandIceland","Small pelagics (<30 cm)","Capelin in Iceland and Faroes grounds, East Greenland and Jan Mayen area","Capelin","Mallotus villosus","http://ices.dk/sites/pub/Publication%20Reports/Advice/2017/2017/cap.27.2a514.pdf",1950,2014,1950,2014,"NA","NA","NA","NA",2.95,0.357,1.05,"NA","NA","NA","NA","NA","Medium",0.17,1.11,"NA","NA",1985,0.2,0.6,0.2,0.6,"NA","NA","CPUE","F","CPUE from cap.27.2a514 ICES 5 and 14 and Division 1.a west of 5 degrees W."
"Y","ICES areas 1 and 2","Norwegian, Barents and North Sea","Mall_vil_NorwayBarentsNorth","Small pelagics (<30 cm)","Capelin in Norwegian, Barents and North Sea","Capelin","Mallotus villosus","http://ices.dk/sites/pub/Publication%20Reports/Advice/2017/2017/cap.27.1-2.pdf
http://ices.dk/sites/pub/Publication%20Reports/Advice/2017/2017/cap.27.1-2.pdf",1963,2014,1963,2014,"NA","NA","NA","NA",2.95,0.357,1.05,"NA","NA","NA","NA","NA","Medium",0.17,1.11,"NA","NA","NA","NA","NA",0.01,0.2,"NA","NA","CPUE","F","CPUE from cap.27.1-2 ICES subareas 1 and 2"
,"ICES areas 27.5.a.2; 27.2.b.2; 27.14.a; 27.14.b.2; 27.2.a.2; 27.2.b.1; 27.2.a.1","Iceland","Mela_aeg_Iceland","Medium demersals (30 - 89 cm)","Haddock in Iceland","Haddock","Melanogrammus aeglefinus","http://www.ices.dk/sites/pub/Publication%20Reports/Advice/2016/2016/had-iceg.pdf",1950,2014,1950,2014,"NA","NA","NA","NA",191,0.342,65.2,"NA","NA","NA","NA","NA","Medium",0.23,1,"NA","NA",2000,0.1,0.4,0.2,0.6,"NA","NA","CPUE","F","RF OK 22/02/18. Consider joining both Iceland ecoregions, same as stock had-iceg."
"Y","ICES areas: 4.a; 5.b.1.b; 5.b.2; 6.a; 6.b.1; 6.b.2; 7.c.1; 7.c.2; 7.k.1; 7.k.2; 8.d.2; 7.j.2; 7.b; 7.h; 7.g; 7.f; 7.e; 7.d; 7.a; 7.j.1; 8.d.1","Western Europe","Merl_mer_WesternEurope","Large demersals (>=90 cm)","European hake in Celtic Seas","European hake","Merluccius merluccius","http://www.ices.dk/sites/pub/Publication%20Reports/Advice/2017/2017/hke.27.3a46-8abd.pdf",1950,2014,1970,2014,"NA","NA","NA","NA","NA","NA","NA","NA","NA","NA","NA","NA","Medium","NA","NA",0.2,0.6,2005,0.01,0.3,0.5,0.9,1990,2008,"CPUE","F","CPUE for hke-3a46-8abd, ICES areas 4,6,7 and 8. Combined catch from ME Faroe Plateau, Celtic Sea, North Sea and South European Atlantic Shelf"
"Y","FAO area 27","Atlantic, Northeast","Micr_pou_AtlanticNortheast","Medium benthopelagics (30 - 89 cm)","Blue whiting in Atlantic, Northeast","Blue whiting","Micromesistius poutassou","http://www.ices.dk/sites/pub/Publication%20Reports/Advice/2015/2015/whb-comb.pdf",1950,2014,1950,2014,"NA","NA","NA","NA","NA","NA","NA","NA","NA","NA","NA","NA","Medium","NA","NA","NA","NA",1980,0.1,0.5,"NA","NA","NA","NA","CPUE","F","Used catch from all of FAO area 27"
,"ICES areas: 4.a; 5.b.1.b; 5.b.2; 6.a; 6.b.1; 6.b.2; 7.c.1; 7.c.2; 7.k.1; 7.k.2; 8.d.2; 7.j.2; 7.b; 7.h; 7.g; 7.f; 7.e; 7.d; 7.a; 7.j.1; 8.d.1","North East Atlantic Ocean","Molv_mol_NorthEastAtlantic","Large demersals (>=90 cm)","Ling in North East Atlantic","Ling","Molva molva","NA",1950,2014,1970,2014,"NA","NA","NA","NA","NA","NA","NA","NA","NA","NA","NA","NA","Low",0.22,0.66,"NA","NA","NA","NA","NA","NA","NA","NA","NA","None","F","Combined catch from ME Faroe Plateau, Celtic Sea, North Sea and South European Atlantic Shelf"
,"ICES areas 27.5.a.2; 27.2.b.2; 27.14.a; 27.14.b.2; 27.2.a.2; 27.2.b.1; 27.2.a.1","Iceland","Poll_vir_Iceland","Large demersals (>=90 cm)","Saithe in Iceland","Saithe","Pollachius virens","http://www.ices.dk/sites/pub/Publication%20Reports/Advice/2016/2016/sai-icel.pdf",1950,2014,1950,2014,"NA","NA","NA","NA",218,0.293,63.8,"NA","NA","NA","NA","NA","Medium",0.21,0.75,"NA","NA",2000,0.01,0.4,0.2,0.6,"NA","NA","CPUE","F","RF OK 22/02/18. Consider joining both Iceland ecoregions, same as stock sai-iceg = pok.27.5a"
,"NEAFC;NASCO;ICCAT,FAO 21,27,31,34","North Atlantic Ocean","Prio_gla_NorthAtlantic","Large sharks (>=90 cm)","Blue shark in North Atlantic Ocean","Blue shark","Prionace glauca","NA",1950,2014,1950,2014,"NA","NA","NA","NA","NA","NA","NA","NA","NA","NA","NA","NA","Very low","NA","NA","NA","NA","NA","NA","NA","NA","NA","NA","NA","None","F","Combined catch from FAO area 21,27,31,34"
"Y","IOTC; SIOFA; CCSBT","Indian Ocean","Prio_gla_IndianOcean","Large sharks (>=90 cm)","Blue shark in Indian Ocean","Blue shark","Prionace glauca","NA",1950,2014,1950,2014,"NA","NA","NA","NA","NA","NA","NA","NA","NA","NA","NA","NA","Very low","NA","NA","NA","NA","NA","NA","NA","NA","NA","NA","NA","None","F","!! Straddling stock for Antarctic ocean (FAO area 48, 58, and 88)"
,"GFCM;ICCAT","Mediterranean","Prio_gla_Med","Large sharks (>=90 cm)","Blue shark in Western Mediterranean","Blue shark","Prionace glauca",,1950,2014,1950,2014,"NA","NA","NA","NA","NA","NA","NA","NA","NA","NA","NA","NA","Very low","NA","NA","NA","NA","NA","NA","NA","NA","NA","NA","NA","CPUE","F","!!! Straddling stock"
"Y","IOTC","Indian Ocean","Rast_kan_IndianOcean","Medium pelagics (30 - 89 cm)","Indian mackerel in Indian Ocean","Indian mackerel","Rastrelliger kanagurta","NA",1968,2014,1968,2014,"NA","NA","NA","NA","NA","NA","NA","NA","NA","NA","NA","NA","Medium","NA","NA","NA","NA","NA","NA","NA","NA","NA","NA","NA","None","F","!! Straddling stock for FAO area 51"
"Y","WCPFC","Western Pacific Ocean","Rast_kan_WCPFC","Medium pelagics (30 - 89 cm)","Indian mackerel in WPCFC","Indian mackerel","Rastrelliger kanagurta",,1987,2014,1987,2014,"NA","NA","NA","NA","NA","NA","NA","NA","NA","NA","NA","NA","Medium","NA","NA","NA","NA","NA","NA","NA","NA","NA","NA","NA","None","F",
"Y","IOTC","Indian Ocean","Sard_lon_IndianOcean","Small pelagics (<30 cm)","Indian oil sardine in Indian Ocean","Indian oil sardine","Sardinella longiceps","NA",1950,2014,1950,2014,"NA","NA","NA","NA","NA","NA","NA","NA","NA","NA","NA","NA","Medium","NA","NA","NA","NA","NA","NA","NA","NA","NA","NA","NA","None","F","!! Straddling stock for FAO area 51"
,"WCPFC","Western Pacific Ocean","Sard_sag_WCPFC","Medium pelagics (30 - 89 cm)","Pacific sardine in WCPFC","Pacific sardine","Sardinops sagax","http://www.pcouncil.org/wp-content/uploads/2011_CPS_SAFE_Sardine_assessment_Appendix_C.pdf",1950,2014,1950,2014,"NA","NA","NA","NA","NA","NA","NA","NA","NA","NA","NA","NA","Medium",0.3,1.07,"NA","NA",1993,0.01,0.4,"NA","NA",1993,2011,"CPUE","F","!!! Wide ranging only in West Pacific, NOAA CPUE might be representative"
,"GFCM, ICCAT","Mediterranean","Sard_sar_Med","Medium pelagics (30 - 89 cm)","Atlantic bonito in the Mediterranean","Atlantic bonito","Sarda sarda",,1950,2014,1950,2014,"NA","NA","NA","NA","NA","NA","NA","NA","NA","NA","NA","NA","Medium",0.84,1.3,"NA","NA","NA","NA","NA","NA","NA","NA","NA","None","F","!!! Straddling stock. Limited resilience to 1.3."
,"ICCAT;FAO 31","Western Central Atlantic Ocean","Sard_sar_WesternCentralAtlantic","Medium pelagics (30 - 89 cm)","Atlantic bonito in Western Central Atlantic Ocean","Atlantic bonito","Sarda sarda","NA",1950,2014,1950,2014,"NA","NA","NA","NA","NA","NA","NA","NA","NA","NA","NA","NA","Medium",0.84,3.11,"NA","NA","NA","NA","NA","NA","NA","NA","NA","None","F","Combined catch from FAO area 31"
,"NEAFC;NASCO;ICCAT","Azores Canaries Madeira and Saharan Upwelling","Sco_col_ACMandSaharanUpwelling","Medium pelagics (30 - 89 cm)","Atlantic chub mackerel in Azores Canaries Madeira and Saharan Upwelling","Atlantic chub mackerel","Scomber colias","NA",1950,2014,1950,2014,"NA","NA","NA","NA","NA","NA","NA","NA","NA","NA","NA","NA","Medium",0.2,0.8,"NA","NA","NA","NA","NA","NA","NA","NA","NA","None","F","!!! Straddling stock"
,"ICCAT","Northern and Southern Gulf of Mexico","Scom_cav_GulfofMexico","Large reef assoc. fish (>=90 cm)","King mackerel in Gulf of Mexico","King mackerel","Scomberomorus cavalla","NA",1950,2014,1950,2014,"NA","NA","NA","NA","NA","NA","NA","NA","NA","NA","NA","NA","Low",0.23,0.94,"NA","NA","NA","NA","NA","NA","NA","NA","NA","None","F","Combined catch from ME Northern Gulf of Mexico and Southern Gulf of Mexico"
"Y","IOTC","Indian Ocean","Scom_com_IndianOcean","Large pelagics (>=90 cm)","Narrowbarred Spanish mackerel in Indian Ocean","Narrowbarred Spanish mackerel","Scomberomorus commerson","NA",1950,2014,1950,2014,"NA","NA","NA","NA","NA","NA","NA","NA","NA","NA","NA","NA","Medium",0.27,1.09,"NA","NA","NA","NA","NA","NA","NA","NA","NA","None","F","NA"
,"GFCM;ICCAT","Mediterranean","Scom_com_Med","Large pelagics (>=90 cm)","Narrowbarred Spanish mackerel in the Mediterranean","Narrowbarred Spanish mackerel","Scomberomorus commerson",,1950,2014,1950,2014,"NA","NA","NA","NA","NA","NA","NA","NA","NA","NA","NA","NA","Medium",0.27,1.09,"NA","NA","NA","NA","NA","NA","NA","NA","NA","None","F","!!! Straddling stock"
"Y","WCPFC;CCSBT","Western Pacific Ocean","Scom_com_WesternPacificOcean","Large pelagics (>=90 cm)","Narrowbarred Spanish mackerel in WesternPacificOcean","Narrowbarred Spanish mackerel","Scomberomorus commerson","NA",1950,2014,1950,2014,"NA","NA","NA","NA","NA","NA","NA","NA","NA","NA","NA","NA","Medium",0.27,1.09,"NA","NA","NA","NA","NA","NA","NA","NA","NA","None","F",
"Y","IOTC","Indian Ocean","Scom_gut_IndianOcean","Medium pelagics (30 - 89 cm)","Indo-Pacific king mackerel in Indian Ocean","Indo-Pacific king mackerel","Scomberomorus guttatus","NA",1950,2014,1950,2014,"NA","NA","NA","NA","NA","NA","NA","NA","NA","NA","NA","NA","Medium",0.2,0.8,"NA","NA","NA","NA","NA","NA","NA","NA","NA","None","F","NA"
,"ICCAT","Northern and Southern Gulf of Mexico","Scom_mac_GulfofMexico","Medium pelagics (30 - 89 cm)","Atlantic Spanish mackerel in Gulf of Mexico","Atlantic Spanish mackerel","Scomberomorus maculatus","NA",1954,2014,1954,2014,"NA","NA","NA","NA","NA","NA","NA","NA","NA","NA","NA","NA","Medium",0.3,1.03,"NA","NA","NA","NA","NA","NA","NA","NA","NA","None","F",
"Y","GFCM, ICCAT","Mediterranean","Scom_sco_Med","Medium pelagics (30 - 89 cm)","Atlantic mackerel in Mediterranean","Atlantic mackerel","Scomber scombrus",,1950,2014,1950,2014,"NA","NA","NA","NA","NA","NA","NA","NA","NA","NA","NA","NA","Medium","NA","NA",0.5,0.9,1994,0.1,0.5,"NA","NA",1994,2007,"CPUE","F","Set starting biomass to higher and found more viable r-k pairs.  CPUE used SCOMSCO_BA"
,"NEAFC;NASCO;ICCAT; FAO 27","North East Atlantic","Scom_sco_NorthEastAtlantic","Medium pelagics (30 - 89 cm)","Atlantic mackerel in North East Atlantic","Atlantic mackerel","Scomber scombrus","NA",1950,2014,1950,2014,"NA","NA","NA","NA","NA","NA","NA","NA","NA","NA","NA","NA","Medium",0.23,1,"NA","NA","NA","NA","NA","NA","NA","NA","NA","None","F","!!! Straddling stock"
,"ICES areas 27.5.a.2; 27.2.b.2; 27.14.a; 27.14.b.2; 27.2.a.2; 27.2.b.1; 27.2.a.1","Iceland","Seba_men_Iceland","Medium bathypelagics (30 - 89 cm)","Beaked redfish in North and East Iceland","Beaked redfish","Sebastes mentella","https://eu.oceana.org/sites/default/files/exploitationstatus_8nov16_2.pdf",1978,2014,1978,2014,"NA","NA","NA","NA","NA","NA","NA","NA","NA","NA","NA","NA","Medium","NA","NA","NA","NA","NA","NA","NA","NA","NA","NA","NA","None","F","!!! Straddling stock. Use catches from the two Iceland and the two east Greenland ecoregions together with CPUE for reb5a14  "
"Y","IOTC","Indian Ocean","Sphy_bar_IndianOcean","Large pelagics (>=90 cm)","Great barracuda in Indian Ocean","Great barracuda","Sphyraena barracuda","http://www.iotc.org/science/status-summary-species-tuna-and-tuna-species-under-iotc-mandate-well-other-species-impacted-iotc",1950,2014,1950,2014,"NA","NA","NA","NA","NA","NA","NA","NA","NA","NA","NA","NA","Low",0.112976722,0.5,"NA","NA","NA","NA","NA","NA","NA","NA","NA","None","F",
"Y","IOTC","Indian Ocean","Sphy_lew_IndianOcean","Large sharks (>=90 cm)","Scalloped hammerhead in Indian Ocean","Scalloped hammerhead","Sphyrna lewini","http://www.iotc.org/science/status-summary-species-tuna-and-tuna-species-under-iotc-mandate-well-other-species-impacted-iotc",1950,2014,1950,2014,"NA","NA","NA","NA","NA","NA","NA","NA","NA","NA","NA","NA","Very low","NA","NA","NA","NA","NA","NA","NA","NA","NA","NA","NA","None","F",
"Y","IOTC","Northern Bay of Bengal,  Eastern India, South India and Sri Lanka","Tenu_ili_EastIndia","Medium pelagics (30 - 89 cm)","Hilsa shad in Northern Bay of Bengal,  Eastern India, South India and Sri Lanka","Hilsa shad","Tenualosa ilisha","NA",1950,2014,1950,2014,"NA","NA","NA","NA","NA","NA","NA","NA","NA","NA","NA","NA","Medium",0.330984731,0.8,"NA","NA","NA","NA","NA","NA","NA","NA","NA","None","F","NA"
,"NEAFC;NASCO;ICCAT; FAO 21,27,31,34","North Atlantic","Thun_ala_NorthAtlantic","Large pelagics (>=90 cm)","Albacore in North Atlantic","Albacore","Thunnus alalunga","NA",1950,2014,1950,2014,"NA","NA","NA","NA","NA","NA","NA","NA","NA","NA","NA","NA","Medium",0.26,0.8,"NA","NA","NA","NA","NA","NA","NA","NA","NA","None","F",
"Y","ICCAT; FAO 41, 47","Atlantic Ocean, South","Thun_ala_SouthAtlanticOcean","Large pelagics (>=90 cm)","Albacore tuna in Southern Atlantic Ocean","Albacore","Thunnus alalunga","https://www.iccat.int/Documents/Meetings/Docs/2016_ALB_REPORT_ENG.pdf",1950,2014,1950,2014,"NA","NA","NA","NA","NA","NA","NA","NA","NA","NA","NA","NA","Medium","NA","NA","NA","NA","NA","NA","NA","NA","NA","NA","NA","CPUE","F","Used FAO areas 41 and 47 to represent ICCAT ALB-S"
"Y","ICCAT","Atlantic Ocean","Thun_alb_AtlanticOcean","Large pelagics (>=90 cm)","Yellowfin tuna in Atlantic Ocean","Yellowfin tuna","Thunnus albacares","https://www.iccat.int/Documents/SCRS/DetRep/YFT_ASS_ENG.pdf",1950,2014,1950,2014,"NA","NA","NA","NA","NA","NA","NA","NA","NA","NA","NA","NA","Medium",0.27,1.34,"NA","NA",1975,0.2,0.6,"NA","NA","NA","NA","CPUE","F","Combined catch from FAO areas 21,27,31,34,41,47. Used CPUE index Japan_LL_65_14."
"Y","IOTC; SIOFA; CCSBT","Indian Ocean","Thun_alb_IndianOcean","Large pelagics (>=90 cm)","Yellowfin tuna in Indian Ocean","Yellowfin tuna","Thunnus albacares","http://www.iotc.org/sites/default/files/documents/science/species_summaries/english/Yellowfin%20tuna%20Supporting%20Information.pdf",1950,2014,1950,2014,"NA","NA","NA","NA","NA","NA","NA","NA","NA","NA","NA","NA","Medium","NA","NA","NA","NA","NA","NA","NA","NA","NA",1990,2000,"CPUE","F","!! Straddling stock for Antarctic ocean (FAO area 48, 58, and 88)"
,"WCPFC","Western Pacific Ocean","Thun_alb_WCPFC","Large pelagics (>=90cm)","Yellowfin tuna in ChinaMEs combined","Yellowfin tuna","Thunnus albacares","NA",1950,2014,1950,2014,"NA","NA","NA","NA","NA","NA","NA","NA","NA","NA","NA","NA","Medium","NA","NA","NA","NA",1999,0.1,0.4,0.1,0.4,1999,2014,"CPUE","F","!!! Straddling, join with FAO 77, but might work with CPUE"
"Y","IOTC; SIOFA; CCSBT","Indian Ocean","Thun_mac_IndianOcean","Large pelagics (>=90 cm)","Southern bluefin tuna in Indian Ocean","Southern bluefin tuna","Thunnus maccoyii","NA",1950,2014,1950,2014,"NA","NA","NA","NA","NA","NA","NA","NA","NA","NA","NA","NA","Low",0.2,0.62,"NA","NA","NA","NA","NA","NA","NA","NA","NA","None","F","!! Straddling stock for Antarctic ocean (FAO area 48, 58, and 88)"
"Y","ICCAT","Atlantic Ocean","Thun_obe_AtlanticOcean","Large pelagics (>=90 cm)","Bigeye tuna in Atlantic Ocean","Bigeye tuna","Thunnus obesus","https://www.iccat.int/Documents/Meetings/Docs/2015_BET%20ASSESS_REPORT_ENG.pdf",1950,2014,1950,2014,"NA","NA","NA","NA","NA","NA","NA","NA","NA","NA","NA","NA","Medium",0.53,0.8,"NA","NA",2000,0.1,0.5,"NA","NA","NA","NA","CPUE","F",
"Y","IOTC; SIOFA; CCSBT","Indian Ocean","Thun_obe_IndianOcean","Large pelagics (>=90 cm)","Bigeye tuna in Indian Ocean","Bigeye tuna","Thunnus obesus","http://www.iotc.org/sites/default/files/documents/science/species_summaries/english/Bigeye_tuna_Supporting_information.pdf",1950,2014,1950,2014,"NA","NA","NA","NA","NA","NA","NA","NA","NA","NA","NA","NA","Medium",0.3,0.94,"NA","NA","NA","NA","NA","NA","NA","NA","NA","CPUE","F","!! Straddling stock for Antarctic ocean (FAO area 48, 58, and 88)"
"Y","GFCM;ICCAT;FAO areas 27,37","East Atlantic and Mediterranean","Thun_thy_Med","Large pelagics (>=90 cm)","Atlantic bluefin tuna in Western Mediterranean","Atlantic bluefin tuna","Thunnus thynnus","https://www.iccat.int/Documents/Meetings/Docs/2014_BFT_ASSESS-ENG.pdf",1950,2014,1950,2014,"NA","NA","NA","NA","NA","NA","NA","NA","NA","NA","NA","NA","Low",0.21,0.64,"NA","NA",1981,0.2,0.6,"NA","NA",1981,2012,"CPUE","F","CPUE from ICCAT."
"Y","IOTC","Indian Ocean","Thun_ton_IndianOcean","Large pelagics (>=90 cm)","Longtail tuna in Indian Ocean","Longtail tuna","Thunnus tonggol","http://www.iotc.org/science/status-summary-species-tuna-and-tuna-species-under-iotc-mandate-well-other-species-impacted-iotc",1950,2014,1950,2014,"NA","NA","NA","NA","NA","NA","NA","NA","NA","NA","NA","NA","Low",0.088340996,0.5,"NA","NA","NA","NA","NA",0.4,0.8,"NA","NA","None","F",
"Y","WCPFC;CCSBT","Western Pacific Ocean","Thun_ton_WesternPacificOcean","Large pelagics (>=90 cm)","Longtail tuna in Sunda Shelf/Java Sea","Longtail tuna","Thunnus tonggol","NA",1950,2014,1950,2014,"NA","NA","NA","NA","NA","NA","NA","NA","NA","NA","NA","NA","Low",0.088340996,0.5,"NA","NA","NA","NA","NA","NA","NA","NA","NA","None","F",
,"GFCM, ICCAT","Mediterranean","Trac_med_Med","Medium pelagics (30 - 89 cm)","Mediterranean horse mackerel in the Mediterranean","Mediterranean horse mackerel","Trachurus mediterraneus",,1950,2014,1950,2014,"NA","NA","NA","NA","NA","NA","NA","NA","NA","NA","NA","NA","Medium","NA","NA","NA","NA","NA","NA","NA","NA","NA","NA","NA","CPUE","F","!!! Straddling stock. Limited resilience to 1.3."
,"GFCM, ICCAT","Mediterranean","Trac_tra_Med","Medium pelagics (30 - 89 cm)","Atlantic horse mackerel in the Mediterranean","Atlantic horse mackerel","Trachurus trachurus",,1950,2014,1950,2014,"NA","NA","NA","NA","NA","NA","NA","NA","NA","NA","NA","NA","Medium",0.22,0.98,"NA","NA","NA","NA","NA","NA","NA","NA","NA","CPUE","F","!!! Straddling stock"
,"ICES areas: 4.a; 5.b.1.b; 5.b.2; 6.a; 6.b.1; 6.b.2; 7.c.1; 7.c.2; 7.k.1; 7.k.2; 8.d.2; 7.j.2; 7.b; 7.h; 7.g; 7.f; 7.e; 7.d; 7.a; 7.j.1; 8.d.1","Western Europe","Trac_tra_WesternEurope","Medium pelagics (30 - 89 cm)","Atlantic horse mackerel in Celtic Seas","Atlantic horse mackerel","Trachurus trachurus","http://ices.dk/sites/pub/Publication%20Reports/Advice/2017/2017/hom.27.3a4bc7d.pdf",1950,2014,1970,2014,"NA","NA","NA","NA","NA","NA","NA","NA","NA","NA","NA","NA","Medium","NA","NA","NA","NA","NA","NA","NA","NA","NA","NA","NA","CPUE","F","Combined catch from ME Faroe Plateau, Celtic Sea, North Sea, Southern Norway, Northern Norway and Finmark, and South European Atlantic Shelf"
,"ICCAT","Mediterranean","Tric_lep_Med","Large benthopelagics (>=90 cm)","Largehead hairtail in Mediterranean","Largehead hairtail","Trichiurus lepturus",,1990,2014,1990,2014,"NA","NA","NA","NA","NA","NA","NA","NA","NA","NA","NA","NA","Medium",0.42,1,"NA","NA","NA","NA","NA","NA","NA","NA","NA","None","F","!!! RF Straddling stock, eastern or all Med."
"Y","IOTC; SIOFA; CCSBT","Indian Ocean","Xiph_gla_IndianOcean","Large pelagics (>=90 cm)","Swordfish in Indian Ocean","Swordfish","Xiphias gladius","http://www.iotc.org/sites/default/files/documents/science/species_summaries/english/Swordfish%20Supporting%20Information.pdf",1950,2014,1950,2014,"NA","NA","NA","NA","NA","NA","NA","NA","NA","NA","NA","NA","Medium",0.24,0.77,"NA","NA","NA","NA","NA",0.4,0.8,"NA","NA","CPUE","F","!! Straddling stock for Antarctic ocean (FAO area 48, 58, and 88)"
,"GFCM;ICCAT","North Atlantic","Xiph_gla_NorthAtlantic","Large pelagics (>=90 cm)","Swordfish in Western Mediterranean","Swordfish","Xiphias gladius",,1950,2014,1950,2014,"NA","NA","NA","NA","NA","NA","NA","NA","NA","NA","NA","NA","Medium",0.24,0.77,"NA","NA",1996,0.1,0.5,"NA","NA","NA","NA","CPUE","F","!!! Straddling stock"
